,Lease_Name,Top_Depth,Core,Box,Inch,Depth_calculated,XRF_adjusted_depth,Wireline_Depth,Na,Mg,Al,Si,P,S,K,Ca,Ti,Mn,Fe,Ba,V,Cr,Co,Ni,Cu,Zn,Ga,As,Pb,Se,Th,Rb,U,Sr,Y,Zr,Nb,Mo,Formation,Formation_2,Outliers,Chemofacies_PCA,PCA1,PCA2,Chemofacies_train
0,Public,3968,C04,B03,111,3977.25,,3967.25,0.46,0.71,3.28,8.9,0.5,1.75,0.38,22.64,0.16,145.32,1.47,996.17,1069.47,65.87,3.94,152.45,83.61,263.28,11.45,31.07,25.0,6,3.39,20.5,22.04,1099.04,14.73,42.28,6.33,81.05,Eagle Ford,Lower Eagle Ford,False,4,8.279315749671056,-0.15495881611088771,
1,Public,3968,C04,B03,113,3977.42,,3967.42,0.44,0.51,1.81,9.6,0.21,1.28,0.25,22.38,0.08,166.87,1.11,111.0,622.61,55.45,4.31,166.51,71.63,160.91,8.88,25.14,25.0,6,3.14,16.25,21.1,1350.89,10.08,17.0,7.74,84.73,Eagle Ford,Lower Eagle Ford,False,1,3.3982333493404147,-1.2333780162341805,
2,Public,3968,C04,B03,115,3977.58,,3967.58,0.36,0.83,2.07,6.86,0.34,1.94,0.22,26.7,0.09,173.14,1.39,111.0,618.33,45.87,2.28,338.77,120.33,265.3,10.33,32.84,25.0,6,3.24,8.09,35.87,1575.14,5.0,11.35,7.89,135.95,Eagle Ford,Lower Eagle Ford,False,4,5.8518672259438125,-5.6930723193984045,
3,Public,3968,C04,B03,117,3977.75,,3967.75,0.52,0.84,2.09,7.68,0.32,1.38,0.31,24.93,0.09,131.67,1.23,111.0,944.49,48.55,5.24,200.77,99.75,292.27,12.23,33.56,25.0,6,3.45,16.29,27.58,1302.73,9.17,23.5,8.24,102.81,Eagle Ford,Lower Eagle Ford,False,4,5.970550748225262,-2.277871427789962,
4,Public,3978,C04,B04,1,3978.08,,3968.08,0.41,0.51,0.38,4.58,0.07,0.64,0.1,33.12,0.03,245.16,0.73,111.0,139.1,40.0,6.05,53.09,35.81,77.71,6.0,16.83,25.0,6,2.01,5.0,10.76,1532.46,5.5,5.0,5.0,18.54,Eagle Ford,Lower Eagle Ford,False,2,-4.018972408911307,-1.2196633661155984,
5,Public,3978,C04,B04,3,3978.25,,3968.25,0.39,0.29,0.43,3.55,0.003,0.83,0.09,34.6,0.02,208.43,0.96,111.0,92.12,40.0,6.41,35.81,29.48,43.66,6.0,13.42,25.0,6,2.0,6.88,10.0,1244.91,6.08,5.0,5.0,7.89,Eagle Ford,Lower Eagle Ford,False,2,-4.127279588215675,-0.7461112459927015,
6,Public,3978,C04,B04,5,3978.42,,3968.42,0.42,0.33,0.42,3.3,0.003,0.51,0.08,34.77,0.02,214.91,0.78,111.0,93.56,40.0,6.09,24.56,26.0,35.52,6.77,12.63,25.0,6,2.25,10.8,10.0,1311.67,5.0,5.0,5.0,6.0,Eagle Ford,Lower Eagle Ford,False,2,-4.31911191061844,-0.4178765658960466,
7,Public,3978,C04,B04,7,3978.58,,3968.58,0.51,0.14,0.49,3.72,0.02,0.55,0.07,32.19,0.02,211.84,0.75,111.0,113.39,40.0,7.25,32.82,30.17,47.44,6.0,15.0,25.0,6,2.0,6.34,10.0,1187.29,5.0,5.0,5.0,6.0,Eagle Ford,Lower Eagle Ford,False,2,-4.394730019635424,-0.013973137798711541,
8,Public,3978,C04,B04,9,3978.75,,3968.75,0.49,0.85,1.09,7.98,0.41,0.98,0.14,27.29,0.04,184.83,0.89,111.0,384.75,43.51,6.47,92.29,48.77,138.15,6.81,16.58,25.0,6,2.45,5.0,40.75,1594.4,11.01,5.0,7.09,34.52,Eagle Ford,Lower Eagle Ford,False,1,0.09368367381651174,-2.492807017307682,
9,Public,3978,C04,B04,13,3979.08,,3969.08,0.5,0.27,1.37,7.42,0.2,0.75,0.15,27.58,0.05,175.83,0.76,111.0,328.99,54.6,5.68,80.95,44.67,99.52,8.77,20.14,25.0,6,3.03,11.87,27.89,1465.34,10.99,26.67,5.58,36.9,Eagle Ford,Lower Eagle Ford,False,1,0.1409428396348253,-0.6182135226364841,
10,Public,3978,C04,B04,15,3979.25,,3969.25,0.65,0.04,0.62,8.64,0.14,0.59,0.11,22.76,0.03,190.32,0.66,111.0,260.16,53.17,6.51,65.9,49.49,156.98,6.0,17.45,25.0,6,2.54,6.96,24.89,1613.37,11.83,5.0,5.89,29.86,Eagle Ford,Lower Eagle Ford,False,1,-1.2551493515943337,-0.48820029769099066,
11,Public,3978,C04,B04,17,3979.42,,3969.42,0.47,0.48,1.1,10.05,0.22,0.96,0.18,24.63,0.06,185.52,0.87,111.0,349.55,68.85,5.76,75.0,52.01,127.51,8.1,16.95,25.0,6,2.87,11.88,24.78,1315.18,12.93,28.19,7.31,27.3,Eagle Ford,Lower Eagle Ford,False,1,0.9599042217848496,0.10030603949795333,
12,Public,3978,C04,B04,19,3979.58,,3969.58,0.51,0.35,1.06,8.0,0.2,1.02,0.19,24.58,0.07,180.96,1.01,111.0,349.26,64.42,4.75,86.33,53.33,166.58,9.06,21.63,25.0,6,2.64,7.75,23.65,1343.33,8.99,23.08,5.0,27.04,Eagle Ford,Lower Eagle Ford,False,1,0.8156076527032441,-0.9892120585948454,
13,Public,3978,C04,B04,21,3979.75,,3969.75,0.42,0.39,1.34,9.69,0.36,1.28,0.19,24.6,0.07,175.03,1.03,111.0,490.38,61.03,4.02,166.44,90.58,263.77,12.37,30.31,25.0,6,2.84,9.9,23.69,1125.85,18.15,63.82,8.54,93.34,Eagle Ford,Lower Eagle Ford,False,4,4.572451528110262,-0.4520151556188958,
14,Public,3978,C04,B04,25,3980.08,,3970.08,0.42,0.4,1.73,8.15,0.25,1.22,0.25,26.64,0.08,171.08,1.02,329.49,522.72,58.82,3.44,132.73,85.84,254.25,10.63,27.16,25.0,6,3.11,17.67,16.46,1269.24,13.94,37.13,5.34,48.35,Eagle Ford,Lower Eagle Ford,False,4,3.592782785588514,-0.6441290815248495,
15,Public,3978,C04,B04,27,3980.25,,3970.25,0.45,0.69,1.5,8.89,0.29,1.24,0.19,27.06,0.06,196.0,1.01,111.0,321.71,56.46,5.89,93.48,57.94,133.27,6.94,22.16,25.0,6,2.94,14.93,19.37,1375.4,15.28,21.38,5.0,28.53,Eagle Ford,Lower Eagle Ford,False,1,0.9279871749992686,-0.10478095209897742,
16,Public,3978,C04,B04,31,3980.58,,3970.58,0.43,0.43,1.5,10.8,0.2,0.92,0.24,24.96,0.07,204.12,0.8,111.0,196.7,82.27,5.77,62.36,41.85,84.54,8.63,15.82,25.0,6,3.22,21.75,14.29,1104.11,11.0,30.77,6.83,7.82,Eagle Ford,Lower Eagle Ford,False,3,0.9767832284766692,1.9035335754307001,
17,Public,3978,C04,B04,33,3980.75,,3970.75,0.43,0.54,1.11,9.11,0.21,0.93,0.2,26.95,0.06,194.34,0.86,111.0,236.7,71.94,4.98,64.09,42.93,67.67,7.05,16.15,25.0,6,2.84,13.76,17.31,1376.91,9.09,13.09,7.28,9.25,Eagle Ford,Lower Eagle Ford,False,1,-0.044591142707381765,-0.0791695819569484,
18,Public,3978,C04,B04,35,3980.92,,3970.92,0.41,0.75,0.76,6.61,0.06,0.8,0.11,31.22,0.02,213.33,0.71,111.0,214.28,40.0,5.96,73.55,49.03,109.15,6.0,17.33,25.0,6,2.72,11.49,19.98,1547.37,8.53,5.0,5.32,20.21,Eagle Ford,Lower Eagle Ford,False,2,-2.278473279890762,-1.4425768864877966,
19,Public,3978,C04,B04,37,3981.08,,3971.08,0.48,0.5,1.47,10.1,0.19,1.15,0.23,25.2,0.06,184.81,0.99,111.0,280.54,74.4,3.88,100.35,58.27,102.33,7.75,20.46,25.0,6,2.88,15.31,17.16,1298.09,11.04,14.07,6.77,28.09,Eagle Ford,Lower Eagle Ford,False,1,1.4657579056740007,-0.011595469436041035,
20,Public,3978,C04,B04,39,3981.25,,3971.25,0.49,0.76,2.17,10.9,0.22,1.13,0.32,23.41,0.08,197.8,1.04,167.83,246.83,73.81,6.76,58.55,49.14,98.8,9.4,20.57,25.0,6,3.24,21.72,13.12,1091.98,12.46,38.02,6.15,10.89,Eagle Ford,Lower Eagle Ford,False,3,2.1485645371681215,2.3506426853870965,
21,Public,3978,C04,B04,41,3981.42,,3971.42,0.37,0.58,1.74,8.84,0.36,1.13,0.24,26.47,0.07,188.82,1.09,111.0,225.59,75.54,4.59,77.88,50.38,62.16,7.41,22.47,25.0,6,3.33,19.69,20.6,1322.12,15.27,28.11,7.84,14.09,Eagle Ford,Lower Eagle Ford,False,3,2.1127216523616634,0.47217553151911174,
22,Public,3978,C04,B04,43,3981.58,,3971.58,0.37,0.89,1.99,7.36,0.3,1.48,0.23,27.6,0.09,193.83,1.23,111.0,237.79,65.1,4.47,89.72,62.57,145.92,7.08,32.09,25.0,6,2.79,14.98,14.07,1301.18,13.64,26.91,5.0,21.57,Eagle Ford,Lower Eagle Ford,False,1,1.9086393882632153,-0.4579766489806408,
23,Public,3978,C04,B04,45,3981.75,,3971.75,0.39,0.5,0.9,4.94,0.18,0.85,0.13,32.79,0.03,213.3,0.86,111.0,97.99,40.0,4.76,48.39,40.46,66.63,6.0,22.93,25.0,6,2.31,5.0,21.71,1556.83,6.83,5.0,5.45,6.0,Eagle Ford,Lower Eagle Ford,False,2,-2.4830058152045535,-2.1858557223100714,
24,Public,3978,C04,B04,47,3981.92,,3971.92,0.45,0.71,0.6,5.81,0.07,0.67,0.12,31.69,0.03,217.62,0.8,111.0,92.21,40.0,5.8,54.3,48.28,81.96,6.18,15.97,25.0,6,2.69,9.71,19.97,1515.64,9.41,5.0,5.0,6.0,Eagle Ford,Lower Eagle Ford,False,2,-2.5982010484394866,-1.1028501506066277,
25,Public,3978,C04,B04,49,3982.08,,3972.08,0.46,0.34,0.37,5.07,0.003,0.38,0.09,33.72,0.02,272.97,0.66,111.0,50.16,40.0,5.54,19.53,23.98,30.29,6.0,13.3,25.0,6,2.06,7.15,10.35,1267.21,6.57,5.0,5.0,6.0,Eagle Ford,Lower Eagle Ford,False,2,-4.863654540576892,0.2835453024850783,
26,Public,3978,C04,B04,51,3982.25,,3972.25,0.46,0.78,0.52,5.13,0.05,0.56,0.09,32.42,0.02,248.31,0.81,111.0,30.0,40.0,5.62,19.1,26.63,33.8,6.0,14.15,25.0,6,2.06,5.0,15.55,1319.01,5.0,5.0,5.0,6.0,Eagle Ford,Lower Eagle Ford,False,2,-4.280337696803401,-0.6110710625979788,
27,Public,3978,C04,B04,53,3982.42,,3972.42,0.38,0.71,0.32,4.94,0.01,0.74,0.08,33.88,0.02,224.09,0.86,111.0,55.3,40.0,5.44,21.83,27.7,28.65,6.0,11.84,25.0,6,2.0,5.0,10.0,1344.04,5.0,5.0,5.0,6.0,Eagle Ford,Lower Eagle Ford,False,2,-4.449438434819831,-1.0029455212119658,
28,Public,3978,C04,B04,55,3982.58,,3972.58,0.42,0.69,0.6,5.25,0.06,0.93,0.11,30.68,0.03,238.25,0.85,111.0,55.61,40.0,5.06,24.07,28.13,34.0,6.0,14.98,25.0,6,2.09,6.66,11.95,1258.42,5.0,5.0,5.0,6.0,Eagle Ford,Lower Eagle Ford,False,2,-3.656505236640305,-0.6502941825419981,
29,Public,3978,C04,B04,57,3982.75,,3972.75,0.51,0.66,1.13,5.97,0.13,0.89,0.19,27.37,0.07,209.0,1.02,111.0,105.38,46.06,5.16,41.24,33.93,55.43,6.49,15.61,25.0,6,2.43,5.69,21.74,1348.7,8.25,5.0,5.0,6.0,Eagle Ford,Lower Eagle Ford,False,1,-1.6043654325833376,-0.6892357413208374,
30,Public,3978,C04,B04,59,3982.92,,3972.92,0.54,0.15,0.54,5.37,0.05,0.45,0.12,27.83,0.03,273.44,0.68,111.0,51.35,40.0,5.95,23.12,30.0,34.98,6.0,14.86,25.0,6,2.22,7.51,14.72,1085.98,7.14,9.57,5.0,6.0,Eagle Ford,Lower Eagle Ford,False,2,-3.9057531921647852,0.9502128877492246,
31,Public,3978,C04,B04,61,3983.08,,3973.08,0.43,0.33,0.46,4.76,0.02,0.4,0.11,31.58,0.02,284.35,0.67,111.0,54.52,40.0,6.29,16.03,24.99,30.25,6.07,11.27,25.0,6,2.0,10.86,10.0,997.02,7.92,5.24,5.0,6.0,Eagle Ford,Lower Eagle Ford,False,2,-4.719817057172474,1.2214708834758297,
32,Public,3978,C04,B04,63,3983.25,,3973.25,0.47,0.56,0.49,4.31,0.003,0.55,0.11,32.73,0.02,230.88,0.85,111.0,30.0,40.0,6.58,15.36,26.79,33.66,6.0,13.25,25.0,6,2.0,8.63,10.0,933.39,6.96,9.2,5.0,6.0,Eagle Ford,Lower Eagle Ford,False,2,-4.239420805542984,0.7773974775955004,
33,Public,3978,C04,B04,65,3983.42,,3973.42,0.47,0.32,0.37,4.28,0.003,0.53,0.1,31.78,0.02,215.5,0.83,111.0,33.11,40.0,5.35,19.75,24.59,28.21,6.0,15.78,25.0,6,2.0,7.58,10.0,930.38,7.55,8.13,5.0,6.0,Eagle Ford,Lower Eagle Ford,False,2,-4.041588660062052,0.4853177624147515,
34,Public,3978,C04,B04,67,3983.58,,3973.58,0.51,0.31,0.64,5.53,0.01,0.53,0.1,30.22,0.03,231.41,0.77,111.0,54.89,40.0,7.05,14.22,24.89,30.31,6.0,12.26,25.0,6,2.1,9.07,10.0,1050.29,10.82,10.83,5.0,6.0,Eagle Ford,Lower Eagle Ford,False,2,-3.9897818986472022,1.4431238877945736,
35,Public,3978,C04,B04,69,3983.75,,3973.75,0.53,0.37,1.26,6.73,0.09,0.95,0.17,26.76,0.06,203.56,0.99,111.0,81.28,50.8,5.48,44.28,39.09,81.08,7.24,19.77,25.0,6,2.68,11.18,16.33,1404.94,8.6,5.0,5.0,6.0,Eagle Ford,Lower Eagle Ford,False,1,-1.1844355095300922,-0.16671029456400255,
36,Public,3978,C04,B04,71,3983.92,,3973.92,0.61,0.04,1.87,8.54,0.2,1.63,0.27,18.45,0.11,177.24,1.64,111.0,129.82,68.33,5.43,74.52,52.54,103.93,9.17,33.77,25.0,6,3.52,23.33,19.47,1011.11,11.66,46.98,7.12,18.22,Eagle Ford,Lower Eagle Ford,False,3,4.071516986068713,1.796417490253785,
37,Public,3978,C04,B04,73,3984.08,,3974.08,0.5,0.64,1.7,10.47,0.31,1.45,0.21,21.82,0.08,194.95,1.32,111.0,174.28,67.63,6.06,86.36,49.89,109.85,6.39,26.41,25.0,6,3.06,15.18,22.56,1196.79,10.21,29.58,7.13,44.33,Eagle Ford,Lower Eagle Ford,False,3,2.2115507910177987,0.2493627521508594,
38,Public,3978,C04,B04,75,3984.25,,3974.25,0.51,0.38,1.8,7.61,0.21,1.05,0.18,25.89,0.1,185.44,0.99,394.33,300.29,53.87,4.54,69.82,46.67,81.81,7.84,24.26,25.0,6,2.81,6.94,30.87,1319.11,8.73,13.06,5.24,42.08,Eagle Ford,Lower Eagle Ford,False,1,1.030626329297231,-1.1873154564030939,
39,Public,3978,C04,B04,77,3984.42,,3974.42,0.65,0.04,0.72,6.63,0.11,0.73,0.11,23.95,0.04,186.39,0.8,111.0,193.93,45.41,4.41,85.48,59.14,130.42,6.75,28.13,25.0,6,2.79,12.27,18.71,1290.17,9.93,17.6,5.57,46.78,Eagle Ford,Lower Eagle Ford,False,1,-0.27839594160287434,-0.2253212331170113,
40,Public,3978,C04,B04,79,3984.58,,3974.58,0.58,0.18,1.92,12.36,0.22,1.16,0.28,20.86,0.1,180.82,0.97,294.25,373.95,100.24,5.78,88.03,60.63,158.34,8.1,23.71,25.0,6,3.16,23.05,12.5,829.86,16.79,57.33,6.82,25.31,Eagle Ford,Lower Eagle Ford,False,3,3.7691742004250495,3.632300459005543,
41,Public,3978,C04,B04,81,3984.75,,3974.75,0.65,0.04,2.2,11.96,0.22,1.08,0.34,17.07,0.1,162.73,0.97,111.0,527.51,91.79,8.36,97.85,66.36,179.45,13.07,24.52,25.0,6,3.84,33.8,11.72,711.37,21.88,92.08,8.08,42.99,Eagle Ford,Lower Eagle Ford,False,3,5.818004917264043,5.93507261765528,
42,Public,3978,C04,B04,83,3984.92,,3974.92,0.47,0.67,1.78,10.11,0.29,1.21,0.24,24.65,0.08,189.32,1.07,278.28,399.9,67.1,6.25,95.99,53.25,100.88,9.38,22.7,25.0,6,3.1,15.98,20.52,1175.81,13.22,33.55,6.8,40.61,Eagle Ford,Lower Eagle Ford,False,3,2.4427746825608216,0.8434075619762826,
43,Public,3978,C04,B04,85,3985.08,,3975.08,0.56,0.3,3.91,11.52,0.36,1.42,0.24,14.65,0.17,201.43,1.46,1038.61,431.66,74.47,3.92,134.12,58.99,124.69,8.37,29.04,25.0,6,3.24,19.57,18.5,996.72,9.72,47.85,6.96,62.85,Eagle Ford,Lower Eagle Ford,False,4,6.264363137055619,1.8773969405874715,
44,Public,3978,C04,B04,87,3985.25,,3975.25,0.46,0.44,1.75,8.1,0.21,1.2,0.21,25.87,0.09,174.4,1.19,269.49,492.71,53.5,5.84,76.28,50.85,81.19,7.98,20.37,25.0,6,2.62,8.9,20.82,1426.74,9.28,12.6,6.3,25.8,Eagle Ford,Lower Eagle Ford,False,1,1.0068574854722454,-0.923215058316092,
45,Public,3978,C04,B04,89,3985.42,,3975.42,0.61,0.04,1.04,10.69,0.19,0.8,0.16,21.39,0.05,197.92,0.78,111.0,406.34,67.08,3.8,76.63,51.27,132.94,6.0,21.29,25.0,6,2.7,12.71,18.34,1172.23,7.52,20.75,5.91,26.55,Eagle Ford,Lower Eagle Ford,False,1,0.3429290280185858,0.32815298538136406,
46,Public,3978,C04,B04,91,3985.58,,3975.58,0.63,0.04,0.75,7.43,0.16,0.68,0.15,23.07,0.04,183.45,0.74,111.0,353.22,52.91,6.94,90.95,55.86,143.34,6.69,15.58,25.0,6,2.74,11.94,19.29,1170.7,10.08,24.87,5.4,24.49,Eagle Ford,Lower Eagle Ford,False,1,-0.5706266609626979,0.6497759732730973,
47,Public,3978,C04,B04,93,3985.75,,3975.75,0.44,0.53,1.95,7.27,0.31,1.12,0.32,25.91,0.09,175.28,1.07,111.0,548.64,51.93,6.11,109.44,66.24,222.4,11.38,29.29,25.0,6,3.53,21.17,22.82,1302.58,17.48,46.78,8.02,49.01,Eagle Ford,Lower Eagle Ford,False,4,4.1672716737145015,0.4947128031786426,
48,Public,3978,C04,B04,95,3985.92,,3975.92,0.57,0.22,1.17,8.84,0.16,0.86,0.16,23.68,0.06,192.37,0.87,111.0,380.95,54.3,6.75,92.9,52.91,173.71,9.43,19.85,25.0,6,2.55,9.62,20.2,1136.86,7.21,22.63,7.08,43.19,Eagle Ford,Lower Eagle Ford,False,1,0.46785148200559373,0.1263613591443848,
49,Public,3978,C04,B04,97,3986.08,,3976.08,0.45,0.81,2.14,10.46,0.33,1.54,0.27,23.36,0.11,194.91,1.25,226.05,698.21,61.56,5.85,108.79,67.13,245.58,7.8,28.08,25.0,6,2.82,14.01,17.92,1040.94,6.76,47.06,5.31,49.22,Eagle Ford,Lower Eagle Ford,False,3,3.4054489602336897,-0.2884745477039316,
50,Public,3978,C04,B04,99,3986.25,,3976.25,0.55,0.04,0.56,7.91,0.12,0.62,0.11,22.95,0.04,202.42,0.64,111.0,289.79,51.24,5.77,78.09,44.34,142.87,6.73,20.43,25.0,6,2.64,7.62,27.13,1291.72,9.59,15.87,6.81,34.82,Eagle Ford,Lower Eagle Ford,False,1,-0.9033823872025617,-0.4853347396198714,
51,Public,3978,C04,B04,101,3986.42,,3976.42,0.52,2.18,0.62,2.67,0.003,0.46,0.11,26.29,0.02,211.39,0.85,111.0,126.32,40.0,4.16,15.25,22.77,21.64,6.0,22.19,25.0,6,2.0,10.33,10.0,771.77,7.22,21.83,5.0,6.0,Eagle Ford,Lower Eagle Ford,False,2,-3.0918007422452973,0.9134807398962144,
52,Public,3978,C04,B04,107,3986.92,,3976.92,0.46,0.29,1.27,10.08,0.27,1.04,0.19,24.44,0.08,187.27,0.97,471.71,564.71,66.24,6.09,98.2,63.07,231.64,7.9,24.03,25.0,6,2.95,14.78,19.64,1267.75,9.88,28.74,5.52,35.69,Eagle Ford,Lower Eagle Ford,False,1,2.062116059729055,-0.3271375323556826,
53,Public,3978,C04,B04,113,3987.42,,3977.42,0.41,0.35,1.15,10.58,0.17,0.75,0.18,24.42,0.05,213.12,0.69,111.0,281.62,67.07,5.01,51.43,40.5,174.17,7.84,14.87,25.0,6,2.34,5.74,21.17,1346.04,10.33,26.05,5.94,9.1,Eagle Ford,Lower Eagle Ford,False,1,-0.6418177825714203,-0.2437200340264306,
54,Public,3978,C04,B04,115,3987.58,,3977.58,0.52,0.25,1.73,10.32,0.16,0.91,0.22,24.31,0.06,182.51,0.82,111.0,339.77,69.26,6.26,73.16,54.24,120.23,6.42,23.19,25.0,6,2.97,16.27,19.56,1019.71,15.41,51.56,7.97,8.82,Eagle Ford,Lower Eagle Ford,False,3,1.4655115246480805,2.040649413106211,
55,Public,3978,C04,B04,117,3987.75,,3977.75,0.55,0.1,1.35,11.64,0.16,0.83,0.24,18.89,0.07,192.09,0.92,111.0,132.58,92.54,6.76,58.96,42.94,95.26,8.52,16.37,25.0,6,3.14,24.87,10.0,840.09,17.69,46.7,8.68,6.0,Eagle Ford,Lower Eagle Ford,False,3,1.9657402311103689,4.397216470899407,
56,Public,3978,C04,B04,119,3987.92,,3977.92,0.55,0.04,1.02,9.44,0.2,0.67,0.14,22.3,0.04,200.34,0.74,111.0,93.49,74.37,5.72,43.37,39.23,75.06,6.53,14.69,25.0,6,2.54,11.92,15.03,1081.34,10.46,19.95,6.9,6.0,Eagle Ford,Lower Eagle Ford,False,1,-0.9062266113967273,1.566121639628373,
57,Public,3988,C04,B05,1,3988.08,,3978.08,0.49,0.41,1.02,10.46,0.22,0.72,0.16,23.9,0.05,211.13,0.72,111.0,106.55,74.84,6.14,48.26,37.68,64.15,7.95,14.43,25.0,6,2.55,10.49,17.73,1119.97,13.7,21.5,6.21,6.0,Eagle Ford,Lower Eagle Ford,False,1,-0.7347561534099011,1.5695171880182641,
58,Public,3988,C04,B05,3,3988.25,,3978.25,0.56,0.04,0.75,5.0,0.19,0.74,0.11,25.6,0.05,197.19,0.9,111.0,99.44,47.28,5.19,57.71,45.36,64.28,7.19,19.67,25.0,6,2.35,8.0,15.91,1347.92,9.2,18.72,5.02,6.0,Eagle Ford,Lower Eagle Ford,False,1,-1.6555952447867917,-0.17022851254885643,
59,Public,3988,C04,B05,5,3988.42,,3978.42,0.55,0.04,0.15,4.16,0.11,0.37,0.07,29.67,0.02,200.57,0.65,111.0,62.45,40.0,7.87,23.34,29.95,45.45,6.0,12.35,25.0,6,2.0,5.0,23.27,1440.61,5.0,5.0,5.0,6.0,Eagle Ford,Lower Eagle Ford,False,2,-4.348422430340565,-0.8271840521086314,
60,Public,3988,C04,B05,7,3988.58,,3978.58,0.37,0.68,0.57,3.03,0.01,0.5,0.09,35.73,0.02,297.55,0.75,111.0,44.91,40.0,6.43,17.55,28.34,29.51,6.0,11.53,25.0,6,2.0,5.0,10.0,1144.38,5.64,18.48,5.0,6.0,Eagle Ford,Lower Eagle Ford,False,2,-5.182551801706964,0.30862430680799713,
61,Public,3988,C04,B05,9,3988.75,,3978.75,0.44,0.09,0.2,3.68,0.003,0.56,0.06,31.62,0.01,231.62,0.79,111.0,30.0,40.0,5.54,20.42,30.1,69.32,6.0,17.74,25.0,6,2.04,5.0,15.58,1255.02,5.0,5.0,5.0,6.0,Eagle Ford,Lower Eagle Ford,False,2,-4.392373449292604,-0.9163669299369622,
62,Public,3988,C04,B05,11,3988.92,,3978.92,0.43,0.37,0.24,4.0,0.003,0.37,0.07,33.83,0.02,217.8,0.66,111.0,47.65,40.0,6.66,21.22,27.51,25.08,6.0,12.77,25.0,6,2.0,5.0,10.0,1176.77,5.71,5.0,5.0,6.0,Eagle Ford,Lower Eagle Ford,False,2,-4.9679270409330325,-0.19009241651277548,
63,Public,3988,C04,B05,13,3989.08,,3979.08,0.5,0.4,0.27,4.86,0.06,0.37,0.07,30.99,0.02,232.84,0.64,111.0,37.95,40.0,7.26,14.29,25.77,27.98,6.0,12.49,25.0,6,2.05,5.0,20.39,1281.91,5.0,5.0,5.0,6.0,Eagle Ford,Lower Eagle Ford,False,2,-4.687566542869647,-0.35182067401993544,
64,Public,3988,C04,B05,15,3989.25,,3979.25,0.49,0.89,0.61,5.17,0.12,0.63,0.12,30.27,0.03,209.47,0.8,111.0,61.67,40.0,6.97,26.66,30.21,29.89,6.0,15.9,25.0,6,2.03,5.0,18.38,1504.23,5.95,5.0,5.0,6.0,Eagle Ford,Lower Eagle Ford,False,2,-3.6418981799568892,-0.9711960989526598,
65,Public,3988,C04,B05,17,3989.42,,3979.42,0.51,1.39,1.46,9.6,0.23,0.79,0.24,21.6,0.06,249.62,0.87,111.0,80.46,69.23,5.27,40.43,38.51,70.08,8.68,17.77,25.0,6,2.88,19.43,11.52,987.52,14.66,38.45,5.36,6.0,Eagle Ford,Lower Eagle Ford,False,3,0.3385348779011922,2.956124277341818,
66,Public,3988,C04,B05,19,3989.58,,3979.58,0.48,0.49,1.1,4.65,0.02,0.49,0.11,29.8,0.03,218.09,0.69,111.0,36.98,40.0,5.91,13.45,27.23,41.9,6.0,10.88,25.0,6,2.0,5.0,11.19,1127.78,10.54,12.34,5.0,6.0,Eagle Ford,Lower Eagle Ford,False,2,-3.8842231023602487,0.7899630715275211,
67,Public,3988,C04,B05,21,3989.75,,3979.75,0.46,0.8,0.57,4.09,0.003,0.31,0.11,33.0,0.03,247.95,0.69,111.0,30.0,40.0,6.65,15.9,26.74,26.33,6.01,11.78,25.0,6,2.13,6.27,12.24,1116.61,5.23,8.23,5.0,6.0,Eagle Ford,Lower Eagle Ford,False,2,-4.667084526592286,0.33870191389014453,
68,Public,3988,C04,B05,23,3989.92,,3979.92,0.36,0.58,1.17,4.0,0.04,0.58,0.15,34.17,0.03,238.27,0.83,111.0,48.82,40.0,6.73,14.95,28.52,24.89,6.0,14.36,25.0,6,2.0,5.02,10.0,1074.87,6.09,23.67,5.0,6.0,Eagle Ford,Lower Eagle Ford,False,2,-4.1074753811813185,0.29088641968598034,
69,Public,3988,C04,B05,25,3990.08,,3980.08,0.62,0.31,1.37,7.16,0.17,0.52,0.11,22.65,0.03,237.08,0.67,111.0,105.18,48.84,6.53,31.65,28.19,48.89,6.14,13.62,25.0,6,2.33,12.41,11.55,1148.59,10.1,15.71,5.0,6.0,Eagle Ford,Lower Eagle Ford,False,2,-2.560255609958755,2.0353012431599926,
70,Public,3988,C04,B05,27,3990.25,,3980.25,0.48,0.94,0.56,6.29,0.46,0.74,0.12,24.06,0.04,233.6,0.76,111.0,120.15,56.31,6.75,43.46,38.02,87.26,6.0,19.17,25.0,6,2.26,8.48,14.88,1128.76,14.07,18.73,6.18,6.54,Eagle Ford,Lower Eagle Ford,False,2,-1.5260474448071113,0.9006794279299474,
71,Public,3988,C04,B05,29,3990.42,,3980.42,0.48,2.26,0.81,7.8,0.15,0.87,0.15,24.32,0.04,253.26,0.83,111.0,140.01,63.95,6.25,43.39,32.32,68.93,6.58,21.24,25.0,6,2.63,12.18,18.48,1095.61,9.96,18.12,5.0,6.9,Eagle Ford,Lower Eagle Ford,False,2,-1.445512441051043,0.8682982031115343,
72,Public,3988,C04,B05,31,3990.58,,3980.58,0.53,1.28,1.37,10.47,0.28,1.37,0.23,17.37,0.08,221.36,1.28,111.0,191.08,90.88,3.64,85.99,53.08,124.53,8.34,28.65,25.0,6,3.32,19.56,25.48,867.31,15.06,52.0,6.5,27.76,Eagle Ford,Lower Eagle Ford,False,3,3.6217456045175997,1.849232153503165,
73,Public,3988,C04,B05,33,3990.75,,3980.75,0.56,0.47,1.55,9.81,0.29,1.75,0.22,15.69,0.09,170.9,1.73,111.0,216.29,81.42,7.56,95.73,61.88,131.99,8.95,37.04,25.0,6,3.08,13.8,27.44,831.24,11.96,55.93,8.92,45.25,Eagle Ford,Lower Eagle Ford,False,3,4.523258076262424,1.2173772933637739,
74,Public,3988,C04,B05,35,3990.92,,3980.92,0.4,0.08,1.15,10.03,0.26,1.2,0.18,22.11,0.07,199.67,1.02,292.45,418.58,77.05,5.39,97.33,62.58,133.69,8.36,25.8,25.0,6,2.72,8.0,26.3,1169.35,7.49,16.94,5.68,39.92,Eagle Ford,Lower Eagle Ford,False,1,1.449777757578479,-1.1009268409571975,
75,Public,3988,C04,B05,37,3991.08,,3981.08,0.49,0.52,1.12,9.3,0.23,1.53,0.14,21.91,0.06,190.12,1.27,111.0,405.63,68.37,4.76,94.47,61.91,148.9,8.53,31.12,25.0,6,2.5,10.84,16.54,1247.66,10.18,12.91,5.23,35.87,Eagle Ford,Lower Eagle Ford,False,1,1.504284303638054,-0.7899943402919661,
76,Public,3988,C04,B05,39,3991.25,,3981.25,0.55,0.31,1.21,10.44,0.16,0.91,0.19,22.64,0.06,198.18,0.83,111.0,436.5,79.34,5.94,70.23,50.5,91.12,8.56,19.48,25.0,6,2.69,14.87,15.14,1059.77,9.07,14.0,5.19,33.6,Eagle Ford,Lower Eagle Ford,False,1,0.389877185471359,1.2040603530446738,
77,Public,3988,C04,B05,41,3991.42,,3981.42,0.55,0.18,1.11,7.45,0.21,0.93,0.2,24.04,0.06,173.5,0.91,111.0,488.86,50.97,4.84,110.12,67.95,216.81,7.04,25.17,25.0,6,2.97,13.64,23.43,1192.17,8.21,22.89,5.63,56.35,Eagle Ford,Lower Eagle Ford,False,1,1.4418720098614166,-0.977902835625089,
78,Public,3988,C04,B05,43,3991.58,,3981.58,0.5,0.52,1.09,7.89,0.18,1.07,0.17,25.98,0.06,170.48,1.01,111.0,374.33,57.51,4.8,77.44,52.63,90.4,6.72,28.18,25.0,6,2.68,8.57,24.02,1308.05,6.39,6.2,5.99,35.9,Eagle Ford,Lower Eagle Ford,False,1,0.3062006509803985,-1.5953499917001577,
79,Public,3988,C04,B05,45,3991.75,,3981.75,0.66,0.04,0.65,8.43,0.16,0.62,0.14,21.11,0.04,197.37,0.7,111.0,342.38,55.12,6.86,72.01,47.44,86.55,7.49,19.04,25.0,6,2.83,12.87,22.3,1119.84,11.03,14.87,6.16,21.53,Eagle Ford,Lower Eagle Ford,False,1,-0.5360741523637673,1.1545495746024983,
80,Public,3988,C04,B05,49,3992.08,,3982.08,0.52,0.32,1.23,8.37,0.14,0.78,0.22,26.5,0.06,183.65,0.76,111.0,495.71,68.17,5.29,84.22,52.97,104.45,6.77,24.42,25.0,6,3.08,13.16,26.02,1236.25,11.08,12.65,5.0,32.77,Eagle Ford,Lower Eagle Ford,False,1,0.5131724107465722,-0.21593105923626238,
81,Public,3988,C04,B05,51,3992.25,,3982.25,0.49,0.4,0.93,9.25,0.19,0.84,0.16,26.12,0.05,184.52,0.83,111.0,460.88,56.8,7.0,70.66,46.33,92.25,6.54,15.88,25.0,6,2.41,10.48,11.72,1392.45,8.09,5.0,5.0,29.02,Eagle Ford,Lower Eagle Ford,False,1,-1.2452985846172613,-0.23808492455713265,
82,Public,3988,C04,B05,53,3992.42,,3982.42,0.55,0.04,0.76,6.02,0.16,0.71,0.13,24.7,0.04,177.07,0.73,111.0,413.2,45.91,5.24,94.91,47.48,105.48,6.0,21.04,25.0,6,2.58,5.0,27.87,1384.08,5.0,5.0,5.0,55.81,Eagle Ford,Lower Eagle Ford,False,1,-1.1505946839751162,-1.978726910097255,
83,Public,3988,C04,B05,55,3992.58,,3982.58,0.48,0.04,0.69,6.01,0.13,0.75,0.15,27.8,0.04,182.07,0.79,111.0,437.53,40.0,5.19,71.58,42.66,93.78,6.39,14.26,25.0,6,2.12,5.78,13.87,1440.26,5.0,5.0,5.0,38.64,Eagle Ford,Lower Eagle Ford,False,2,-2.172712270209966,-1.5000396851142173,
84,Public,3988,C04,B05,57,3992.75,,3982.75,0.46,0.13,0.66,7.03,0.12,0.7,0.13,26.83,0.04,198.47,0.68,111.0,407.14,40.0,5.31,113.73,65.09,142.04,8.43,29.95,25.0,6,3.19,14.93,25.7,1317.87,5.97,13.29,5.85,83.42,Eagle Ford,Lower Eagle Ford,False,1,0.11480172978810604,-1.6934825976753642,
85,Public,3988,C04,B05,59,3992.92,,3982.92,0.5,0.04,1.08,7.38,0.23,0.98,0.19,23.75,0.07,165.56,1.06,111.0,568.52,50.32,3.36,130.54,74.22,179.71,9.19,31.66,25.0,6,3.12,14.18,24.8,1347.84,5.0,15.53,6.31,87.75,Eagle Ford,Lower Eagle Ford,False,1,2.4484732441356916,-2.300380894638374,
86,Public,3988,C04,B05,61,3993.08,,3983.08,0.52,0.04,0.16,4.63,0.08,0.32,0.07,30.47,0.01,202.72,0.64,111.0,126.44,40.0,7.47,23.59,23.16,32.19,6.0,10.11,25.0,6,2.02,9.14,10.0,1275.56,5.17,5.0,5.0,8.69,Eagle Ford,Lower Eagle Ford,False,2,-4.703100978492411,0.2383557930833241,
87,Public,3988,C04,B05,63,3993.25,,3983.25,0.48,0.25,0.13,4.77,0.02,0.33,0.06,31.02,0.01,175.16,0.66,111.0,84.26,40.0,7.48,18.16,23.34,28.95,6.0,11.47,25.0,6,2.0,5.0,10.0,1371.11,5.0,5.0,5.0,6.0,Eagle Ford,Lower Eagle Ford,False,2,-4.883135948130301,-0.48045519776827034,
88,Public,3988,C04,B05,65,3993.42,,3983.42,0.45,0.59,0.21,2.69,0.003,0.58,0.09,35.27,0.01,201.32,0.76,111.0,72.44,40.0,6.73,23.24,28.54,26.24,6.0,13.23,25.0,6,2.08,5.0,13.0,1160.87,5.0,5.0,5.0,6.0,Eagle Ford,Lower Eagle Ford,False,2,-4.653668650192022,-0.6302254488529083,
89,Public,3988,C04,B05,67,3993.58,,3983.58,0.54,0.21,0.22,4.13,0.04,0.27,0.07,30.59,0.01,201.1,0.61,111.0,89.88,40.0,6.66,23.21,26.75,35.8,6.0,10.54,25.0,6,2.03,5.0,17.83,1309.35,5.0,5.0,5.0,6.0,Eagle Ford,Lower Eagle Ford,False,2,-4.62893452087722,-0.44561137133971085,
90,Public,3988,C04,B05,69,3993.75,,3983.75,0.44,0.8,1.99,11.88,0.3,1.69,0.26,21.96,0.09,176.58,1.04,387.32,879.47,69.75,5.46,122.92,71.77,224.64,8.76,22.69,25.0,6,3.18,13.47,28.01,1063.19,5.37,26.61,6.7,90.92,Eagle Ford,Lower Eagle Ford,False,4,4.190529321722917,-1.2446896119440316,
91,Public,3988,C04,B05,71,3993.92,,3983.92,0.49,0.22,1.18,9.61,0.23,0.89,0.2,23.72,0.06,181.97,0.91,111.0,586.54,60.83,6.97,78.07,50.16,118.31,6.0,20.32,25.0,6,2.66,9.07,21.38,1309.06,8.63,5.0,5.49,37.08,Eagle Ford,Lower Eagle Ford,False,1,-0.016372357806923102,-0.6346944612566006,
92,Public,3988,C04,B05,73,3994.08,,3984.08,0.42,0.52,0.75,9.68,0.16,0.74,0.13,26.72,0.04,219.83,0.69,111.0,410.55,45.89,7.22,74.11,39.76,68.25,6.0,16.61,25.0,6,2.35,7.51,15.76,1274.19,6.26,5.0,5.21,32.22,Eagle Ford,Lower Eagle Ford,False,2,-2.302028788926887,-0.5454237933494419,
93,Public,3988,C04,B05,75,3994.25,,3984.25,0.76,0.04,0.8,8.85,0.2,0.71,0.17,18.82,0.05,163.76,0.82,111.0,557.4,57.6,6.34,98.71,60.11,133.3,8.78,22.99,25.0,6,3.01,12.85,26.67,1108.74,5.0,21.22,6.24,64.33,Eagle Ford,Lower Eagle Ford,False,1,1.2801987251974658,0.1749048126207735,
94,Public,3988,C04,B05,77,3994.42,,3984.42,0.41,0.78,0.99,9.05,0.09,0.89,0.13,27.25,0.04,199.21,0.72,111.0,416.43,55.24,5.14,82.93,43.89,57.57,7.08,19.58,25.0,6,2.35,5.0,22.29,1287.66,5.16,5.0,5.41,44.72,Eagle Ford,Lower Eagle Ford,False,1,-1.4542279809863654,-1.5370821088377025,
95,Public,3988,C04,B05,79,3994.58,,3984.58,0.34,0.45,1.8,9.97,0.39,1.7,0.25,22.76,0.11,172.3,1.41,217.49,686.12,63.72,4.7,120.73,67.38,110.57,7.91,32.36,25.0,6,3.1,8.4,34.59,1133.66,5.91,29.97,7.52,97.39,Eagle Ford,Lower Eagle Ford,False,4,4.1257176928679105,-2.459258241799995,
96,Public,3988,C04,B05,81,3994.75,,3984.75,0.47,0.29,1.1,8.01,0.42,0.89,0.15,25.32,0.05,186.52,0.85,111.0,462.84,55.12,5.28,82.4,52.39,131.39,6.82,24.69,25.0,6,2.49,8.4,19.16,1256.6,9.63,24.17,7.24,40.26,Eagle Ford,Lower Eagle Ford,False,1,0.48428938970659446,-0.7342969278821766,
97,Public,3988,C04,B05,83,3994.92,,3984.92,0.48,0.35,1.4,6.85,0.08,0.94,0.21,25.16,0.08,177.3,1.02,111.0,357.21,61.0,6.21,88.33,61.23,134.51,6.27,29.69,25.0,6,2.75,13.8,17.14,988.61,12.53,51.46,6.57,43.97,Eagle Ford,Lower Eagle Ford,False,1,1.1789655328938584,0.9424800281903774,
98,Public,3988,C04,B05,85,3995.08,,3985.08,0.47,0.14,0.38,3.81,0.003,0.54,0.08,32.08,0.02,218.53,0.75,111.0,78.81,40.0,6.94,24.18,29.03,25.87,6.0,12.69,25.0,6,2.0,5.0,12.4,1160.73,6.27,12.13,5.0,6.0,Eagle Ford,Lower Eagle Ford,False,2,-4.528916815090447,0.06346979428103605,
99,Public,3988,C04,B05,87,3995.25,,3985.25,0.53,0.04,0.32,4.82,0.03,0.31,0.08,30.53,0.02,205.65,0.65,111.0,80.82,40.0,7.56,23.45,29.12,49.66,6.0,12.18,25.0,6,2.0,6.15,10.0,1128.71,20.73,5.0,6.19,6.0,Eagle Ford,Lower Eagle Ford,False,2,-3.899265852775423,1.9399113996430981,
100,Public,3988,C04,B05,89,3995.42,,3985.42,0.4,0.77,0.3,4.68,0.003,0.39,0.09,34.85,0.02,249.06,0.65,111.0,103.15,40.0,6.68,26.94,26.36,71.97,6.0,14.76,25.0,6,2.0,5.0,13.16,1237.85,7.98,5.0,5.0,6.0,Eagle Ford,Lower Eagle Ford,False,2,-4.725046341893868,-0.26420057585478773,
101,Public,3988,C04,B05,91,3995.58,,3985.58,0.44,1.67,2.63,9.9,0.46,1.91,0.37,20.89,0.13,163.42,1.61,717.86,731.33,62.74,5.25,234.01,109.09,268.37,12.82,43.29,28.7,6,3.92,22.59,28.98,911.01,9.84,80.34,8.84,170.18,Eagle Ford,Lower Eagle Ford,False,4,10.480953020286872,-1.5820831580879133,
102,Public,3988,C04,B05,93,3995.75,,3985.75,0.46,0.61,0.59,9.81,0.14,0.72,0.1,26.44,0.03,211.06,0.62,111.0,329.74,64.09,5.81,71.25,39.23,80.9,6.29,13.73,25.0,6,2.41,5.73,23.36,1308.34,5.0,5.0,5.0,42.41,Eagle Ford,Lower Eagle Ford,False,1,-2.092285213025159,-1.0630408115692698,
103,Public,3988,C04,B05,95,3995.92,,3985.92,0.47,0.22,1.08,4.87,0.06,0.44,0.15,30.77,0.03,204.82,0.64,111.0,383.07,40.0,6.92,35.77,28.63,49.09,7.33,14.94,25.0,6,2.01,7.12,10.0,1117.88,10.12,5.11,5.15,14.99,Eagle Ford,Lower Eagle Ford,False,2,-3.2905646515617013,0.6810990474205894,
104,Public,3988,C04,B05,97,3996.08,,3986.08,0.49,0.55,1.33,10.99,0.16,0.91,0.18,24.51,0.05,180.01,0.73,111.0,653.27,55.79,5.37,91.67,55.87,130.82,6.73,24.15,25.0,6,2.78,8.72,28.31,1180.57,8.0,15.55,5.2,64.06,Eagle Ford,Lower Eagle Ford,False,1,0.5686153502617829,-1.099783753881309,
105,Public,3988,C04,B05,99,3996.25,,3986.25,0.44,0.95,1.23,9.47,0.23,1.09,0.22,26.19,0.06,160.1,0.95,111.0,811.83,53.8,4.51,119.91,71.6,184.87,10.19,25.58,25.0,6,2.83,5.79,30.98,1266.38,7.14,18.94,7.77,90.72,Eagle Ford,Lower Eagle Ford,False,1,2.5544778125110503,-2.512939392608372,
106,Public,3988,C04,B05,101,3996.42,,3986.42,0.38,0.65,1.11,10.23,0.1,0.9,0.18,26.15,0.05,188.65,0.82,111.0,695.57,52.01,6.95,104.97,56.51,145.04,6.0,21.13,25.0,6,2.55,8.79,19.17,1243.88,5.0,13.3,5.66,59.02,Eagle Ford,Lower Eagle Ford,False,1,-0.4140083528812376,-1.396468074482907,
107,Public,3988,C04,B05,103,3996.58,,3986.58,0.38,0.43,0.81,9.11,0.26,0.76,0.13,27.11,0.04,178.78,0.71,111.0,530.89,53.67,6.46,87.1,45.21,81.45,6.0,19.46,25.0,6,2.22,5.0,18.46,1373.02,5.0,5.0,6.51,40.0,Eagle Ford,Lower Eagle Ford,False,1,-1.4152997593105894,-1.7506028850971167,
108,Public,3988,C04,B05,105,3996.75,,3986.75,0.41,0.52,0.91,8.19,0.2,0.9,0.15,28.49,0.04,194.45,0.83,111.0,549.25,40.0,6.72,81.64,41.81,84.79,6.0,17.58,25.0,6,2.47,5.0,27.23,1542.44,5.0,5.0,5.0,45.73,Eagle Ford,Lower Eagle Ford,False,1,-1.590299614468091,-2.4102790062587722,
109,Public,3988,C04,B05,107,3996.92,,3986.92,0.38,0.74,0.71,9.61,0.13,0.81,0.13,27.23,0.04,192.97,0.72,111.0,484.8,57.54,5.39,83.8,52.27,95.84,6.0,19.24,25.0,6,2.44,5.0,23.07,1326.34,5.0,5.0,5.0,48.76,Eagle Ford,Lower Eagle Ford,False,1,-1.3827426148746793,-2.021990587537286,
110,Public,3988,C04,B05,109,3997.08,,3987.08,0.38,0.97,0.22,3.04,0.003,0.52,0.09,35.62,0.02,177.14,0.8,111.0,129.16,40.0,6.15,24.07,28.03,31.71,6.0,18.11,25.0,6,2.0,5.0,12.59,1264.12,5.0,5.0,5.0,6.0,Eagle Ford,Lower Eagle Ford,False,2,-4.29535574050587,-1.4105982884276849,
111,Public,3988,C04,B05,111,3997.25,,3987.25,0.41,0.65,0.3,4.57,0.003,0.37,0.08,35.4,0.01,187.58,0.63,111.0,156.57,40.0,7.11,32.06,26.96,28.43,6.0,11.92,25.0,6,2.13,5.0,18.88,1421.28,5.0,5.0,5.0,6.84,Eagle Ford,Lower Eagle Ford,False,2,-4.659045109640828,-1.3600161825275094,
112,Public,3988,C04,B05,113,3997.42,,3987.42,0.38,0.77,1.67,7.42,0.3,1.53,0.35,27.46,0.09,153.74,1.1,111.0,1064.09,62.95,5.01,169.57,106.08,240.18,10.49,41.56,25.0,6,3.61,17.49,29.64,1132.35,9.52,36.27,6.55,124.94,Eagle Ford,Lower Eagle Ford,False,4,5.680368364937955,-2.3147203483566807,
113,Public,3988,C04,B05,115,3997.58,,3987.58,0.42,0.9,0.91,10.02,0.23,0.89,0.14,26.94,0.04,208.38,0.8,111.0,500.07,64.13,5.41,91.16,51.52,127.92,6.0,19.75,25.0,6,2.37,7.73,17.45,1290.08,5.11,5.0,5.0,53.61,Eagle Ford,Lower Eagle Ford,False,1,-0.8810308761303477,-1.3873384940897107,
114,Public,3988,C04,B05,117,3997.75,,3987.75,0.44,0.56,0.78,7.9,0.01,0.76,0.12,29.4,0.03,198.36,0.71,111.0,437.3,42.58,7.13,63.48,41.1,94.51,6.0,17.74,25.0,6,2.29,5.0,29.36,1554.92,5.0,5.0,5.0,41.75,Eagle Ford,Lower Eagle Ford,False,2,-2.477092409276343,-2.1295739747625184,
115,Public,3988,C04,B05,119,3997.92,,3987.92,0.38,1.17,1.07,8.33,0.25,1.66,0.21,27.98,0.06,174.98,0.99,111.0,707.18,56.82,5.13,104.84,66.25,139.15,6.98,29.93,25.0,6,2.65,6.34,25.36,1353.5,5.2,5.0,5.0,91.06,Eagle Ford,Lower Eagle Ford,False,1,1.202018500555726,-3.1441700488457327,
116,Public,3998,C04,B06,1,3998.08,,3988.08,0.42,0.82,1.28,10.82,0.23,1.07,0.19,24.94,0.07,193.45,0.88,111.0,606.0,66.78,4.94,105.34,62.47,144.98,6.75,25.08,25.0,6,2.97,13.39,26.25,1163.93,7.15,8.52,5.0,63.91,Eagle Ford,Lower Eagle Ford,False,1,1.3020349117645171,-1.3394206979869627,
117,Public,3998,C04,B06,3,3998.25,,3988.25,0.46,0.74,1.16,10.17,0.23,1.03,0.2,23.01,0.06,188.55,0.94,111.0,509.76,57.32,4.71,88.93,54.58,97.56,8.22,25.72,25.0,6,2.75,8.9,25.98,1283.11,7.13,5.0,5.12,63.42,Eagle Ford,Lower Eagle Ford,False,1,0.85450899693208,-1.536793244255457,
118,Public,3998,C04,B06,5,3998.42,,3988.42,0.43,0.57,0.24,2.83,0.01,0.52,0.08,35.16,0.01,189.45,0.76,111.0,87.49,40.0,6.54,29.67,27.58,28.95,6.0,7.78,25.0,6,2.0,5.0,14.22,1164.45,5.0,5.0,5.0,11.87,Eagle Ford,Lower Eagle Ford,False,2,-4.695497779665236,-0.8001438877172331,
119,Public,3998,C04,B06,7,3998.58,,3988.58,0.39,0.56,0.34,3.66,0.06,0.35,0.08,34.84,0.02,197.88,0.7,111.0,164.6,40.0,6.54,18.07,24.23,21.7,6.0,15.82,25.0,6,2.06,5.0,15.94,1335.23,5.41,5.0,5.0,6.0,Eagle Ford,Lower Eagle Ford,False,2,-4.548852418010599,-1.1489487745228084,
120,Public,3998,C04,B06,9,3998.75,,3988.75,0.45,0.7,0.59,10.73,0.58,0.78,0.13,25.67,0.04,195.58,0.67,111.0,553.56,74.66,6.54,111.5,64.24,140.57,7.11,20.48,25.0,6,2.42,5.64,22.69,1202.51,5.0,5.0,5.73,89.95,Eagle Ford,Lower Eagle Ford,False,1,0.22711149072268533,-1.6676130482780303,
121,Public,3998,C04,B06,11,3998.92,,3988.92,0.49,0.4,0.94,9.04,0.74,0.81,0.2,25.79,0.05,174.83,0.8,111.0,689.79,54.54,6.26,122.89,66.7,162.61,8.96,25.79,25.0,6,2.96,5.0,45.29,1232.09,5.54,12.77,5.93,82.45,Eagle Ford,Lower Eagle Ford,False,1,2.1698577992646264,-3.076698157765296,
122,Public,3998,C04,B06,13,3999.08,,3989.08,0.49,0.47,0.73,8.06,0.05,0.75,0.13,26.02,0.04,185.58,0.72,111.0,499.23,44.41,5.27,110.36,62.28,140.98,6.0,23.12,25.0,6,2.61,5.0,30.48,1238.84,5.0,6.45,5.15,88.29,Eagle Ford,Lower Eagle Ford,False,1,-0.6940775292022082,-2.314973102440277,
123,Public,3998,C04,B06,15,3999.25,,3989.25,0.48,0.11,0.63,7.43,0.11,0.87,0.14,26.02,0.04,187.22,0.81,111.0,440.19,40.0,5.92,93.16,50.88,110.14,6.57,26.22,25.0,6,2.11,5.0,15.9,1234.29,5.0,5.0,5.0,65.43,Eagle Ford,Lower Eagle Ford,False,1,-1.4863422674027427,-1.514439391929571,
124,Public,3998,C04,B06,17,3999.42,,3989.42,0.43,0.68,1.58,7.31,0.33,1.1,0.22,29.04,0.1,180.54,0.9,632.46,666.46,40.0,3.79,64.06,42.95,65.54,6.0,23.06,25.0,6,2.22,5.0,22.31,1570.21,5.0,5.0,5.0,15.8,Eagle Ford,Lower Eagle Ford,False,1,0.24188998024952038,-2.511787096839741,
125,Public,3998,C04,B06,19,3999.58,,3989.58,0.46,0.44,0.88,8.67,0.16,0.97,0.14,26.76,0.04,172.91,0.87,111.0,534.74,49.38,4.07,118.09,61.93,130.48,6.0,31.9,25.0,6,2.53,6.78,22.88,1267.02,5.0,5.0,6.85,80.29,Eagle Ford,Lower Eagle Ford,False,1,0.33817883580837843,-2.4536843923612714,
126,Public,3998,C04,B06,21,3999.75,,3989.75,0.48,0.42,1.56,7.04,0.21,1.34,0.17,24.94,0.08,152.28,1.26,111.0,756.89,59.31,3.04,107.11,68.49,162.69,8.9,37.97,25.0,6,2.61,5.0,26.72,1309.41,8.8,20.5,6.32,63.22,Eagle Ford,Lower Eagle Ford,False,1,2.7230505203705886,-2.518694216357134,
127,Public,3998,C04,B06,23,3999.92,,3989.92,0.37,0.89,1.4,11.11,0.3,1.68,0.23,23.33,0.07,159.91,1.37,111.0,883.92,72.13,3.48,170.13,94.65,228.92,9.37,48.16,26.94,6,3.07,10.95,30.1,1095.34,6.52,24.82,5.05,119.43,Eagle Ford,Lower Eagle Ford,False,4,5.340099183999028,-3.7554397382502884,
128,Public,3998,C04,B06,25,4000.08,,3990.08,0.37,1.47,1.55,12.42,0.28,1.94,0.24,21.86,0.08,158.43,1.57,216.64,909.89,74.34,4.56,162.27,85.03,233.43,8.37,48.46,27.26,6,2.81,8.9,27.54,1058.65,5.0,27.87,6.81,105.6,Eagle Ford,Lower Eagle Ford,False,4,5.7312369218262935,-3.5763912490335374,
129,Public,3998,C04,B06,27,4000.25,,3990.25,0.39,0.72,0.26,3.62,0.003,0.91,0.08,34.66,0.02,176.65,0.72,111.0,115.74,40.0,6.89,24.06,24.44,39.66,6.0,13.27,25.0,6,2.07,5.0,14.83,1219.6,5.0,5.0,5.0,6.98,Eagle Ford,Lower Eagle Ford,False,2,-4.260224796252845,-1.2416647426311427,
130,Public,3998,C04,B06,29,4000.42,,3990.42,0.29,0.66,0.38,4.27,0.02,0.99,0.1,34.35,0.01,193.38,0.74,111.0,192.57,40.0,6.49,35.86,28.6,38.49,6.0,15.04,25.0,6,2.11,5.0,16.01,1131.75,5.1,5.0,5.0,12.62,Eagle Ford,Lower Eagle Ford,False,2,-4.00668483749718,-1.5357982025179264,
131,Public,3998,C04,B06,31,4000.58,,3990.58,0.43,0.9,1.16,9.64,0.2,1.14,0.14,26.07,0.05,183.33,0.97,111.0,522.62,46.79,5.37,74.03,47.21,154.7,7.19,24.37,25.0,6,2.25,5.0,23.31,1391.68,5.84,5.0,5.0,40.38,Eagle Ford,Lower Eagle Ford,False,1,-0.342214405977032,-2.2686840020538632,
132,Public,3998,C04,B06,33,4000.75,,3990.75,0.53,0.37,1.14,11.89,0.22,1.19,0.18,20.91,0.06,160.31,1.05,111.0,784.2,76.57,4.72,125.97,66.25,124.56,7.07,27.48,25.0,6,2.66,7.21,28.71,1032.25,6.65,21.8,5.0,70.16,Eagle Ford,Lower Eagle Ford,False,1,2.0613242140644057,-1.2301028928717306,
133,Public,3998,C04,B06,35,4000.92,,3990.92,0.46,0.65,1.48,9.57,0.36,1.41,0.22,23.31,0.07,177.66,1.02,111.0,556.84,73.35,5.3,110.42,69.29,178.53,9.24,25.43,25.0,6,3.44,19.96,24.9,1048.57,13.98,35.92,6.78,58.1,Eagle Ford,Lower Eagle Ford,False,3,3.608912257240206,0.2857113711349014,
134,Public,3998,C04,B06,37,4001.08,,3991.08,0.33,0.61,0.43,4.54,0.03,1.15,0.09,32.46,0.01,210.04,0.63,111.0,143.36,40.0,7.44,31.38,30.05,41.26,6.0,12.45,25.0,6,2.03,5.0,16.02,1167.89,5.83,5.0,5.0,18.9,Eagle Ford,Lower Eagle Ford,False,2,-4.205994461457059,-1.0413253935931157,
135,Public,3998,C04,B06,39,4001.25,,3991.25,0.38,0.59,0.38,4.76,0.12,1.14,0.08,32.33,0.02,195.68,0.68,111.0,108.57,40.0,6.52,28.04,26.04,42.53,6.01,10.97,25.0,6,2.0,7.4,10.0,1110.71,5.48,5.0,5.0,6.0,Eagle Ford,Lower Eagle Ford,False,2,-3.942050659395164,-0.6298005931113656,
136,Public,3998,C04,B06,41,4001.42,,3991.42,0.39,1.1,1.05,7.06,0.21,1.04,0.17,28.72,0.05,203.7,0.89,111.0,324.64,44.02,3.0,116.39,59.19,144.03,7.4,31.96,25.0,6,3.1,19.24,18.1,1091.1,11.73,27.95,6.14,78.16,Eagle Ford,Lower Eagle Ford,False,1,1.3174148123623906,-0.732757488308406,
137,Public,3998,C04,B06,43,4001.58,,3991.58,0.44,0.84,1.23,10.7,0.16,0.98,0.15,25.43,0.05,201.08,0.78,111.0,389.07,58.17,5.41,65.18,39.31,101.55,6.59,16.82,25.0,6,2.48,9.4,17.64,1347.39,5.5,5.0,5.0,24.46,Eagle Ford,Lower Eagle Ford,False,1,-1.0452764276057132,-0.8778144759133517,
138,Public,3998,C04,B06,45,4001.75,,3991.75,0.43,2.0,2.64,8.14,0.42,1.34,0.28,23.45,0.09,183.34,1.34,364.6,815.72,63.58,4.38,105.61,66.61,169.41,6.63,38.9,25.0,6,3.19,15.42,24.5,1046.91,7.02,37.2,6.28,74.31,Eagle Ford,Lower Eagle Ford,False,4,4.382380189304334,-1.1087185933577945,
139,Public,3998,C04,B06,47,4001.92,,3991.92,0.38,1.09,0.67,4.84,0.003,0.49,0.11,34.28,0.02,229.31,0.69,111.0,208.4,40.0,6.55,29.46,27.59,52.83,6.0,12.53,25.0,6,2.07,5.0,17.46,1042.35,7.0,5.0,5.0,10.35,Eagle Ford,Lower Eagle Ford,False,2,-4.183286256580099,-0.39826794692522344,
140,Public,3998,C04,B06,49,4002.08,,3992.08,0.46,0.42,0.22,2.87,0.003,0.4,0.08,35.8,0.02,208.72,0.71,111.0,90.22,40.0,6.37,26.64,29.02,38.78,6.0,16.56,25.0,6,2.06,6.92,12.28,1065.2,8.49,5.0,5.0,13.61,Eagle Ford,Lower Eagle Ford,False,2,-4.414831361784324,0.0022179712819882383,
141,Public,3998,C04,B06,51,4002.25,,3992.25,0.49,0.42,0.17,3.79,0.003,0.37,0.07,31.87,0.02,235.77,0.68,111.0,95.89,40.0,7.18,27.83,31.28,41.2,6.0,12.25,25.0,6,2.12,6.45,12.85,1154.93,8.77,5.0,5.0,13.78,Eagle Ford,Lower Eagle Ford,False,2,-4.597782758297662,0.4128456704486865,
142,Public,3998,C04,B06,53,4002.42,,3992.42,0.45,0.4,0.49,3.36,0.003,0.92,0.09,33.46,0.02,225.8,0.68,111.0,104.71,40.0,5.48,26.26,26.49,24.03,6.0,11.7,25.0,6,2.0,5.31,10.0,1069.87,6.73,5.0,5.0,14.6,Eagle Ford,Lower Eagle Ford,False,2,-4.307754471854146,-0.06390349646262374,
143,Public,3998,C04,B06,55,4002.58,,3992.58,0.48,0.88,2.26,8.86,0.18,1.4,0.28,21.5,0.1,167.51,1.28,111.0,707.67,40.0,5.56,118.87,64.14,207.8,8.63,32.34,25.0,6,2.79,11.59,22.49,1174.98,7.66,15.15,5.0,79.16,Eagle Ford,Lower Eagle Ford,False,1,2.956746546369032,-1.4628762372941844,
144,Public,3998,C04,B06,57,4002.75,,3992.75,0.51,0.29,1.55,12.31,0.29,1.38,0.22,19.12,0.08,162.05,1.19,111.0,701.23,89.88,4.47,113.97,70.07,137.53,8.09,35.53,25.0,6,2.93,10.07,29.76,906.57,11.52,32.66,6.24,69.79,Eagle Ford,Lower Eagle Ford,False,3,3.9419126611719544,-0.24900226217143331,
145,Public,3998,C04,B06,59,4002.92,,3992.92,0.47,0.9,1.62,9.72,0.31,1.34,0.23,20.87,0.08,172.7,1.28,171.79,548.87,63.35,4.51,127.97,66.09,163.0,9.52,33.84,25.0,6,2.95,13.79,23.21,956.05,7.69,29.91,7.09,92.14,Eagle Ford,Lower Eagle Ford,False,3,3.764383795902885,-0.764740208874111,
146,Public,3998,C04,B06,61,4003.08,,3993.08,0.55,0.07,1.07,10.9,0.22,1.29,0.17,20.53,0.06,161.16,1.2,111.0,409.54,65.61,4.43,116.41,50.85,87.73,8.16,35.06,25.0,6,2.59,8.32,23.04,1002.52,9.81,22.58,6.2,68.23,Eagle Ford,Lower Eagle Ford,False,1,2.0333053450577374,-0.4409529629968605,
147,Public,3998,C04,B06,65,4003.42,,3993.42,0.52,0.13,0.92,11.66,0.21,1.04,0.13,20.42,0.05,162.41,0.92,111.0,632.96,64.78,5.57,118.69,61.23,304.19,6.85,19.33,25.0,6,2.35,8.33,18.94,1026.62,5.0,14.82,5.44,93.21,Eagle Ford,Lower Eagle Ford,False,1,1.174672674540127,-1.2099393512549375,
148,Public,3998,C04,B06,67,4003.58,,3993.58,0.42,0.36,0.73,6.01,0.3,0.94,0.15,27.46,0.03,164.69,0.99,111.0,476.99,40.0,4.24,122.19,64.03,153.15,9.49,32.81,25.0,6,2.97,6.16,34.91,1334.37,7.19,7.67,6.22,81.27,Eagle Ford,Lower Eagle Ford,False,1,1.1824721379373344,-3.451170509787095,
149,Public,3998,C04,B06,71,4003.92,,3993.92,0.44,0.67,1.33,10.69,0.31,1.29,0.17,23.4,0.07,170.78,1.1,111.0,691.0,71.08,4.28,124.05,68.88,165.5,9.55,29.99,25.0,6,2.89,11.44,26.01,1146.38,8.65,15.71,7.0,82.34,Eagle Ford,Lower Eagle Ford,False,1,3.050085593728683,-1.5386765576194856,
150,Public,3998,C04,B06,73,4004.08,,3994.08,0.42,0.52,0.39,3.33,0.003,0.43,0.09,33.32,0.02,166.59,0.76,111.0,136.9,40.0,5.76,22.21,24.3,36.65,6.0,13.99,25.0,6,2.0,5.0,15.03,1015.94,5.0,5.0,5.0,11.46,Eagle Ford,Lower Eagle Ford,False,2,-4.11345639045866,-0.8405064041202512,
151,Public,3998,C04,B06,75,4004.25,,3994.25,0.44,0.75,0.26,4.42,0.003,0.39,0.08,34.05,0.01,205.44,0.7,111.0,111.89,40.0,5.82,28.3,26.0,34.17,6.3,8.09,25.0,6,2.0,5.2,10.0,999.18,6.53,5.0,5.0,6.0,Eagle Ford,Lower Eagle Ford,False,2,-4.643116326246946,0.001560041585891747,
152,Public,3998,C04,B06,77,4004.42,,3994.42,0.53,0.04,0.21,3.62,0.02,0.35,0.06,28.94,0.01,172.79,0.7,111.0,62.05,40.0,7.12,24.1,26.08,29.55,6.0,13.13,25.0,6,2.05,7.04,11.99,862.3,8.68,5.0,5.0,9.74,Eagle Ford,Lower Eagle Ford,False,2,-4.246298323603042,0.7835139337138776,
153,Public,3998,C04,B06,79,4004.58,,3994.58,0.48,0.97,2.11,4.73,0.003,0.33,0.13,29.08,0.02,191.83,0.71,111.0,41.06,40.0,6.53,11.32,21.47,51.24,6.71,13.15,25.0,6,2.0,11.76,10.0,590.18,14.93,54.67,5.0,6.0,Eagle Ford,Lower Eagle Ford,False,2,-2.715556140115255,3.2435987076961337,
154,Public,3998,C04,B06,81,4004.75,,3994.75,0.56,1.15,1.66,4.22,0.07,0.56,0.11,26.75,0.03,207.24,0.66,111.0,40.64,40.0,6.11,9.77,22.31,47.76,6.0,15.94,25.0,6,2.0,11.46,10.0,667.24,14.51,49.4,6.6,6.0,Eagle Ford,Lower Eagle Ford,False,2,-2.3815056303038946,3.154488915765686,
155,Public,3998,C04,B06,83,4004.92,,3994.92,0.53,3.42,1.98,4.39,0.06,0.49,0.13,24.45,0.03,227.82,0.72,111.0,54.11,40.65,4.9,9.18,18.39,69.28,6.0,21.54,25.0,6,2.0,10.19,10.0,706.97,14.18,43.84,5.0,6.0,Eagle Ford,Lower Eagle Ford,False,2,-2.121873567400033,2.5510689662821835,
156,Public,3998,C04,B06,85,4005.08,,3995.08,0.41,1.22,2.85,12.9,0.41,1.71,0.21,17.76,0.13,156.47,1.53,824.52,1144.36,69.88,4.12,109.85,53.45,134.42,6.53,26.45,25.0,6,2.36,7.67,21.16,974.2,8.48,14.79,5.0,89.25,Eagle Ford,Lower Eagle Ford,False,4,4.640849570879264,-1.0813269754228225,
157,Public,3998,C04,B06,87,4005.25,,3995.25,0.56,0.05,1.13,8.05,0.32,1.03,0.15,21.52,0.05,176.29,1.0,111.0,677.37,42.78,3.61,173.07,91.6,265.16,12.6,38.76,25.0,6,3.47,12.77,36.5,1128.23,13.56,59.82,8.24,132.19,Eagle Ford,Lower Eagle Ford,False,4,4.977009974682922,-1.3614639380665798,
158,Public,3998,C04,B06,89,4005.42,,3995.42,0.6,0.43,1.58,10.78,0.23,1.16,0.19,17.85,0.06,180.63,0.84,111.0,633.42,74.09,5.77,87.12,53.78,179.96,8.94,24.5,25.0,6,2.85,9.43,29.14,1099.29,7.83,25.52,5.69,58.63,Eagle Ford,Lower Eagle Ford,False,1,2.0826784829449587,-0.0825346786502998,
159,Public,3998,C04,B06,91,4005.58,,3995.58,0.46,0.94,1.42,9.57,0.23,1.02,0.15,24.67,0.06,196.05,0.95,111.0,477.6,57.97,5.15,88.66,47.57,105.75,6.85,26.08,25.0,6,2.48,6.93,23.27,1175.73,5.44,17.4,6.18,78.77,Eagle Ford,Lower Eagle Ford,False,1,0.42799691834587655,-1.2183387244740185,
160,Public,3998,C04,B06,95,4005.92,,3995.92,0.47,0.54,2.48,5.07,0.12,0.68,0.14,29.6,0.05,194.99,0.9,111.0,105.27,40.0,7.18,13.91,25.03,33.77,8.39,19.94,25.0,6,2.01,8.35,10.0,760.41,12.04,94.68,5.0,9.46,Eagle Ford,Lower Eagle Ford,False,2,-1.5635560804586641,3.0213373784649016,
161,Public,3998,C04,B06,97,4006.08,,3996.08,0.52,0.14,0.9,8.29,0.23,1.04,0.13,23.3,0.06,183.89,1.04,111.0,512.46,60.84,6.53,117.17,66.85,158.84,9.95,33.87,25.0,6,3.0,13.69,24.8,1226.96,5.48,20.07,5.9,108.52,Eagle Ford,Lower Eagle Ford,False,1,1.772237731535657,-1.2149966481687613,
162,Public,3998,C04,B06,99,4006.25,,3996.25,0.45,0.53,0.69,12.25,0.48,1.15,0.09,21.55,0.04,192.65,0.8,111.0,482.02,69.92,4.57,191.4,101.14,212.11,10.6,52.33,25.57,6,3.18,17.04,23.09,795.16,11.75,63.47,7.15,201.83,Eagle Ford,Lower Eagle Ford,False,4,4.88444202955703,-0.6321189093756713,
163,Public,3998,C04,B06,101,4006.42,,3996.42,0.43,0.63,0.94,11.1,0.24,1.16,0.12,23.62,0.05,190.36,0.98,111.0,474.14,62.44,4.32,91.5,52.24,104.54,6.0,31.63,25.0,6,2.47,5.0,25.57,1115.46,5.0,8.74,7.49,118.52,Eagle Ford,Lower Eagle Ford,False,1,0.8502086395218764,-1.9627288482098582,
164,Public,3998,C04,B06,103,4006.58,,3996.58,0.38,0.63,0.78,10.13,0.19,0.9,0.1,26.37,0.05,203.13,0.8,111.0,455.61,43.3,4.86,77.35,41.62,76.6,7.2,25.58,25.0,6,2.31,8.11,14.88,1315.81,8.09,5.0,5.36,57.11,Eagle Ford,Lower Eagle Ford,False,1,-1.1209113582381138,-1.2936827123941936,
165,Public,3998,C04,B06,105,4006.75,,3996.75,0.43,0.35,0.44,5.36,0.04,0.47,0.08,32.49,0.02,241.6,0.68,111.0,79.6,40.0,7.04,24.47,26.76,38.23,6.0,13.23,25.0,6,2.0,5.0,12.62,1167.11,6.51,5.0,5.0,12.67,Eagle Ford,Lower Eagle Ford,False,2,-4.654315708525633,0.0251718252432832,
166,Public,3998,C04,B06,107,4006.92,,3996.92,0.43,0.36,1.24,11.46,0.24,1.27,0.18,21.39,0.08,196.2,1.07,111.0,595.03,63.69,5.48,135.27,62.41,163.91,8.73,29.0,25.0,6,2.74,8.69,25.52,1082.56,6.23,19.36,6.41,137.78,Eagle Ford,Lower Eagle Ford,False,1,2.3691021090008175,-1.3913046486471679,
167,Public,3998,C04,B06,111,4007.25,,3997.25,0.4,0.8,1.46,9.63,0.32,1.39,0.21,24.23,0.07,164.67,1.05,111.0,872.49,51.78,5.51,175.45,97.21,287.81,10.53,37.82,25.0,6,3.03,9.62,30.41,1132.99,8.87,38.13,8.04,195.61,Eagle Ford,Lower Eagle Ford,False,4,4.841864016874783,-2.647315290871178,
168,Public,3998,C04,B06,113,4007.42,,3997.42,0.36,0.74,0.66,6.74,0.02,0.47,0.09,32.56,0.02,268.54,0.61,111.0,120.96,42.28,7.02,26.79,29.21,28.75,6.0,13.51,25.0,6,2.0,5.0,13.2,1147.75,12.66,6.6,5.0,13.73,Eagle Ford,Lower Eagle Ford,False,2,-4.487774816167107,0.6882596231999725,
169,Public,3998,C04,B06,115,4007.58,,3997.58,0.5,0.64,2.44,8.91,0.35,1.65,0.24,22.88,0.11,149.42,1.39,425.25,1379.4,41.7,5.42,179.29,87.5,201.9,11.15,44.17,25.0,6,3.24,8.13,38.17,1042.94,7.16,41.21,7.14,213.4,Eagle Ford,Lower Eagle Ford,False,4,6.641962447658379,-2.7376059553499137,
170,Public,3998,C04,B06,119,4007.92,,3997.92,0.46,1.12,2.51,9.74,0.42,1.85,0.3,22.7,0.11,155.01,1.44,657.84,1485.06,40.82,4.16,206.35,114.51,262.54,14.3,49.2,25.0,6,3.38,12.53,34.8,957.05,11.73,58.1,8.54,261.31,Eagle Ford,Lower Eagle Ford,False,4,9.35730281523576,-2.354202558047893,
171,Public,4008,C04,B07,1,4008.08,,3998.08,0.41,0.59,0.37,4.44,0.003,0.34,0.08,34.92,0.02,247.58,0.66,111.0,79.07,40.0,6.85,24.23,27.41,39.79,6.0,12.43,25.0,6,2.0,5.0,14.81,1120.58,5.0,5.0,5.0,14.39,Eagle Ford,Lower Eagle Ford,False,2,-4.956706974062982,-0.2552302128113742,
172,Public,4008,C04,B07,3,4008.25,,3998.25,0.44,0.71,1.36,3.45,0.003,0.38,0.12,35.15,0.02,193.0,0.74,111.0,96.59,40.0,6.21,14.31,22.68,35.51,6.39,12.01,25.0,6,2.0,8.93,10.0,689.78,5.71,16.58,5.0,6.0,Eagle Ford,Lower Eagle Ford,False,2,-3.9521785771516234,0.9855443323824664,
173,Public,4008,C04,B07,5,4008.42,,3998.42,0.43,0.69,0.46,3.35,0.01,0.3,0.09,35.47,0.01,220.58,0.72,111.0,46.57,40.0,7.27,12.91,24.7,37.84,6.0,13.13,25.0,6,2.0,10.51,10.0,842.31,6.78,7.63,5.0,12.11,Eagle Ford,Lower Eagle Ford,False,2,-4.744693599868672,0.8318566232359575,
174,Public,4008,C04,B07,7,4008.58,,3998.58,0.38,0.31,0.36,3.25,0.003,0.29,0.09,34.92,0.01,225.67,0.69,111.0,44.99,40.0,6.96,21.31,25.9,33.08,6.0,11.08,25.0,6,2.0,5.4,10.0,754.97,11.1,10.62,5.0,7.9,Eagle Ford,Lower Eagle Ford,False,2,-4.88496992506906,1.0541679683655651,
175,Public,4008,C04,B07,9,4008.75,,3998.75,0.49,0.13,1.9,3.82,0.01,0.4,0.06,28.56,0.01,214.19,0.76,111.0,30.0,40.0,5.72,13.26,22.44,56.53,6.0,17.15,25.0,6,2.0,5.0,10.0,800.34,17.47,31.67,6.39,6.14,Eagle Ford,Lower Eagle Ford,False,2,-3.16433655033751,2.4518281752141076,
176,Public,4008,C04,B07,11,4008.92,,3998.92,0.49,1.91,2.0,4.17,0.04,0.52,0.1,27.31,0.02,207.3,0.9,111.0,62.11,40.0,5.16,11.77,21.05,42.7,6.9,21.89,25.0,6,2.0,7.8,10.0,800.42,10.44,26.36,5.0,7.58,Eagle Ford,Lower Eagle Ford,False,2,-2.605576543418589,1.4569158975381313,
177,Public,4008,C04,B07,13,4009.08,,3999.08,0.49,0.67,1.13,16.06,0.18,0.97,0.1,19.23,0.06,206.69,0.78,111.0,433.87,93.42,4.86,93.98,43.18,127.95,6.21,23.5,25.0,6,2.32,8.49,21.01,1024.06,7.02,5.0,6.32,119.87,Eagle Ford,Lower Eagle Ford,False,1,0.7941614921529936,0.035914120665564014,
178,Public,4008,C04,B07,15,4009.25,,3999.25,0.42,0.88,1.47,9.99,0.39,0.94,0.15,24.36,0.07,192.05,0.93,325.24,597.84,62.75,3.89,114.94,58.28,155.04,9.94,32.99,25.0,6,2.89,11.31,24.85,1068.34,5.0,24.6,5.28,127.47,Eagle Ford,Lower Eagle Ford,False,1,2.492088638446912,-1.5746777570261852,
179,Public,4008,C04,B07,17,4009.42,,3999.42,0.49,0.4,2.3,11.83,0.31,1.54,0.21,18.29,0.12,163.86,1.4,506.7,1099.21,64.11,3.13,154.69,76.85,179.78,9.36,49.26,27.17,6,2.87,12.86,22.44,984.42,7.56,36.41,5.78,173.24,Eagle Ford,Lower Eagle Ford,False,4,6.499852494526824,-1.8639916947282444,
180,Public,4008,C04,B07,19,4009.58,,3999.58,0.41,1.04,1.9,11.36,0.34,2.25,0.3,20.94,0.1,150.6,1.43,180.81,1356.22,44.16,3.95,210.2,93.4,245.42,10.72,36.14,25.0,6,2.97,10.32,27.44,1091.96,7.48,23.45,5.64,224.06,Eagle Ford,Lower Eagle Ford,False,4,6.530852075749655,-3.3878876422376956,
181,Public,4008,C04,B07,21,4009.75,,3999.75,0.46,0.69,1.08,10.41,0.18,1.3,0.14,23.39,0.06,179.5,0.96,111.0,704.7,56.1,7.0,170.59,76.08,244.29,9.18,34.1,25.0,6,2.78,8.31,28.72,1071.19,7.7,18.5,5.63,178.42,Eagle Ford,Lower Eagle Ford,False,1,2.5343204668094597,-2.0089838749137847,
182,Public,4008,C04,B07,23,4009.92,,3999.92,0.46,0.42,0.33,4.6,0.003,0.4,0.08,32.87,0.02,197.06,0.69,111.0,172.31,40.0,6.76,31.6,28.43,33.66,6.0,12.62,25.0,6,2.0,5.0,12.94,1157.88,5.0,5.0,5.0,13.1,Eagle Ford,Lower Eagle Ford,False,2,-4.450459101401715,-0.43535465943486906,
183,Public,4008,C04,B07,25,4010.08,,4000.08,0.45,0.36,0.58,3.18,0.003,0.33,0.1,33.85,0.01,188.49,0.69,111.0,98.05,40.0,6.39,12.39,25.18,25.46,6.0,14.1,25.0,6,2.0,8.45,10.0,905.85,6.11,21.26,5.0,6.0,Eagle Ford,Lower Eagle Ford,False,2,-4.360242787553646,0.585994795954983,
184,Public,4008,C04,B07,27,4010.25,,4000.25,0.51,0.09,0.26,3.73,0.003,0.35,0.06,31.25,0.02,183.14,0.68,111.0,87.2,40.0,6.6,32.14,26.23,28.14,6.0,10.22,25.0,6,2.0,5.0,25.7,1233.18,5.0,5.0,5.0,19.72,Eagle Ford,Lower Eagle Ford,False,2,-4.280517001276134,-0.974140558502118,
185,Public,4008,C04,B07,29,4010.42,,4000.42,0.5,0.46,2.12,11.92,0.31,1.64,0.27,19.08,0.12,143.58,1.52,402.64,1116.97,61.05,4.39,226.92,103.61,218.81,11.7,48.27,25.0,6,3.8,18.41,35.43,853.16,8.98,57.83,8.34,236.78,Eagle Ford,Lower Eagle Ford,False,4,8.781795855097632,-1.5202405285701794,
186,Public,4008,C04,B07,31,4010.58,,4000.58,0.4,0.32,1.33,4.89,0.003,0.43,0.14,31.38,0.02,180.17,0.68,111.0,311.26,40.0,6.24,28.47,25.4,34.88,6.0,12.77,25.0,6,2.0,7.96,10.0,1033.5,5.0,5.0,5.0,9.75,Eagle Ford,Lower Eagle Ford,False,2,-3.740274087386517,-0.03463517786345851,
187,Public,4008,C04,B07,33,4010.75,,4000.75,0.41,0.7,1.18,10.59,0.17,1.37,0.14,24.32,0.05,179.79,0.86,111.0,576.2,57.18,4.96,98.25,55.02,196.4,6.3,25.05,25.0,6,2.83,12.62,22.09,1140.35,8.83,11.95,6.14,80.03,Eagle Ford,Lower Eagle Ford,False,1,1.1299297109467132,-1.3094069351535063,
188,Public,4008,C04,B07,35,4010.92,,4000.92,0.38,0.62,1.34,9.51,0.3,1.33,0.18,24.36,0.08,165.46,1.08,111.0,807.8,54.23,6.43,124.61,77.87,161.24,8.62,42.85,26.37,6,2.72,9.37,23.87,1069.34,7.78,36.84,7.97,99.17,Eagle Ford,Lower Eagle Ford,False,4,3.3347469374561665,-2.009449462913581,
189,Public,4008,C04,B07,37,4011.08,,4001.08,0.52,0.33,1.05,12.48,0.21,1.14,0.14,19.93,0.05,176.41,0.89,111.0,746.14,66.91,3.38,163.66,62.21,166.19,7.81,26.5,25.0,6,2.9,11.89,27.56,1046.32,6.66,14.5,6.62,145.54,Eagle Ford,Lower Eagle Ford,False,1,2.6523053290698972,-1.408926261187453,
190,Public,4008,C04,B07,39,4011.25,,4001.25,0.49,0.54,1.5,11.34,0.29,1.49,0.21,20.43,0.07,132.94,1.25,241.49,985.72,59.21,4.7,214.06,86.96,265.31,10.19,32.05,25.0,6,3.0,9.2,32.36,985.09,6.42,33.95,7.37,190.98,Eagle Ford,Lower Eagle Ford,False,4,5.507107828821922,-2.5538090053861087,
191,Public,4008,C04,B07,43,4011.58,,4001.58,0.46,0.43,0.58,5.46,0.05,0.5,0.1,29.22,0.03,219.32,0.7,111.0,215.44,40.0,5.44,38.73,27.48,50.17,6.0,14.11,25.0,6,2.0,5.0,16.44,933.96,6.3,8.38,5.0,20.64,Eagle Ford,Lower Eagle Ford,False,2,-3.557372863719579,-0.048601205058711794,
192,Public,4008,C04,B07,45,4011.75,,4001.75,0.39,0.5,0.32,3.95,0.08,0.44,0.09,34.48,0.02,212.23,0.75,111.0,118.91,40.0,6.1,29.52,30.2,43.89,6.0,13.52,25.0,6,2.07,5.76,14.02,1032.98,7.47,5.0,5.0,14.76,Eagle Ford,Lower Eagle Ford,False,2,-4.166948106783671,-0.4287710290251107,
193,Public,4008,C04,B07,47,4011.92,,4001.92,0.5,0.18,0.67,5.3,0.1,0.51,0.1,28.49,0.03,216.19,0.72,111.0,198.66,40.0,6.15,26.8,27.0,38.82,6.43,11.13,25.0,6,2.0,5.0,15.17,1154.43,5.0,5.0,5.0,11.9,Eagle Ford,Lower Eagle Ford,False,2,-3.762301433777764,-0.13988148396436811,
194,Public,4008,C04,B07,49,4012.08,,4002.08,0.37,0.48,0.11,4.39,0.04,0.4,0.07,33.62,0.01,173.6,0.68,111.0,101.94,40.0,7.54,33.14,31.91,36.74,6.0,13.04,25.0,6,2.0,5.0,17.6,1391.21,5.0,5.0,5.0,6.91,Eagle Ford,Lower Eagle Ford,False,2,-4.601950210039382,-1.5588316609379087,
195,Public,4008,C04,B07,51,4012.25,,4002.25,0.51,0.16,0.14,3.17,0.003,0.33,0.07,31.47,0.01,177.87,0.73,111.0,62.3,40.0,6.63,19.37,25.21,30.14,6.0,13.34,25.0,6,2.0,5.0,12.39,1009.42,5.0,5.0,5.0,10.5,Eagle Ford,Lower Eagle Ford,False,2,-4.589489884375522,-0.10091209866743389,
196,Public,4008,C04,B07,53,4012.42,,4002.42,0.44,0.2,0.2,4.06,0.003,0.39,0.07,32.83,0.01,192.27,0.68,111.0,72.23,40.0,7.49,25.14,24.13,31.35,6.0,12.08,25.0,6,2.0,9.43,10.0,919.29,6.63,5.0,5.0,9.05,Eagle Ford,Lower Eagle Ford,False,2,-4.703369753627413,0.5096772347831435,
197,Public,4008,C04,B07,55,4012.58,,4002.58,0.48,0.05,0.63,2.84,0.02,0.31,0.08,32.07,0.02,188.86,0.74,111.0,56.11,40.0,7.54,14.38,22.08,26.96,6.0,11.0,25.0,6,2.0,5.0,13.62,670.92,6.02,27.3,5.0,8.06,Eagle Ford,Lower Eagle Ford,False,2,-4.431914167763662,1.106835911517678,
198,Public,4008,C04,B07,57,4012.75,,4002.75,0.46,0.5,1.88,4.05,0.08,0.6,0.09,29.17,0.03,209.78,0.86,111.0,57.53,40.0,5.62,8.33,23.34,31.42,7.37,20.55,25.0,6,2.0,10.14,10.0,536.28,13.12,61.84,6.3,6.91,Eagle Ford,Lower Eagle Ford,False,2,-2.157000288914727,2.866916392018415,
199,Public,4008,C04,B07,59,4012.92,,4002.92,0.46,0.59,2.15,4.17,0.01,0.54,0.09,30.47,0.04,187.33,0.85,111.0,30.0,40.0,5.27,10.93,20.58,35.99,6.92,22.35,25.0,6,2.0,5.9,10.0,618.26,10.4,76.05,5.79,6.27,Eagle Ford,Lower Eagle Ford,False,2,-2.2703045831463666,2.31112979508098,
200,Public,4008,C04,B07,61,4013.08,,4003.08,0.5,0.04,0.65,4.26,0.04,0.32,0.1,30.38,0.01,206.35,0.68,111.0,71.81,40.0,6.63,16.99,28.22,38.71,6.0,14.31,25.0,6,2.0,5.0,21.29,957.89,5.0,21.91,5.0,9.92,Eagle Ford,Lower Eagle Ford,False,2,-4.056827281371267,0.1445391326726284,
201,Public,4008,C04,B07,63,4013.25,,4003.25,0.51,0.28,1.67,6.98,0.14,0.74,0.11,25.09,0.06,176.61,0.93,111.0,388.9,57.46,5.42,181.21,87.04,246.82,12.63,44.67,25.0,6,3.05,10.74,28.63,1044.84,12.34,62.85,10.88,141.92,Eagle Ford,Lower Eagle Ford,False,4,4.182325480234036,-0.4450566182786503,
202,Public,4008,C04,B07,65,4013.42,,4003.42,0.49,0.44,2.24,15.05,0.38,1.46,0.23,15.89,0.09,180.98,1.18,526.91,1122.37,73.67,5.37,232.38,92.56,258.68,10.25,36.96,25.0,6,3.14,18.12,21.92,770.71,11.37,53.52,8.33,193.84,Eagle Ford,Lower Eagle Ford,False,4,7.27471645918955,0.3829083641791908,
203,Public,4008,C04,B07,67,4013.58,,4003.58,0.45,0.84,1.98,12.06,0.28,1.68,0.26,20.35,0.08,139.68,1.29,123.51,1193.05,57.53,4.46,248.83,103.14,233.15,10.23,37.85,25.0,6,3.45,10.59,40.35,921.96,15.05,44.26,10.26,203.24,Eagle Ford,Lower Eagle Ford,False,4,7.601500248975727,-2.0411467051412,
204,Public,4008,C04,B07,69,4013.75,,4003.75,0.54,0.48,1.13,8.0,0.45,1.07,0.2,23.01,0.06,151.53,0.98,111.0,820.45,53.56,6.13,150.12,56.22,134.23,8.14,23.65,25.0,6,2.69,10.02,24.63,1046.35,8.22,18.51,5.17,123.8,Eagle Ford,Lower Eagle Ford,False,1,2.046097924458753,-1.1631936197019204,
205,Public,4008,C04,B07,71,4013.92,,4003.92,0.45,0.05,0.35,3.86,0.003,0.33,0.08,32.18,0.01,179.29,0.68,111.0,160.64,40.0,6.93,25.69,29.25,29.64,6.0,13.63,25.0,6,2.0,5.0,17.39,1233.86,5.63,5.0,5.0,10.57,Eagle Ford,Lower Eagle Ford,False,2,-4.44928015879382,-0.782178681936807,
206,Public,4008,C04,B07,73,4014.08,,4004.08,0.44,0.6,0.25,4.49,0.04,0.31,0.08,32.88,0.01,196.63,0.67,111.0,116.18,40.0,8.17,26.84,29.62,40.74,6.0,11.8,25.0,6,2.0,6.45,10.0,1282.67,5.05,5.0,5.0,6.0,Eagle Ford,Lower Eagle Ford,False,2,-4.85201841088657,-0.32162285162905846,
207,Public,4008,C04,B07,75,4014.25,,4004.25,0.4,0.44,0.29,4.8,0.003,0.38,0.08,33.68,0.01,205.72,0.64,111.0,151.24,40.0,6.63,30.55,27.25,34.27,6.0,13.72,25.0,6,2.0,5.0,21.42,1176.56,5.0,5.0,5.0,12.05,Eagle Ford,Lower Eagle Ford,False,2,-4.5222943308452725,-1.0375881150654829,
208,Public,4008,C04,B07,77,4014.42,,4004.42,0.48,0.38,0.4,4.19,0.003,0.38,0.1,33.34,0.02,211.48,0.72,111.0,213.39,40.0,6.14,30.86,29.49,33.52,6.0,12.51,25.0,6,2.0,6.96,10.0,864.73,8.57,5.0,5.0,11.14,Eagle Ford,Lower Eagle Ford,False,2,-4.175587707490353,0.6989481329253276,
209,Public,4008,C04,B07,79,4014.58,,4004.58,0.44,0.44,1.36,11.09,0.19,1.1,0.17,22.93,0.06,171.89,0.98,111.0,672.29,59.53,5.63,148.99,74.31,160.87,7.83,23.41,25.0,6,2.74,10.34,22.88,1105.09,8.12,11.02,5.44,117.22,Eagle Ford,Lower Eagle Ford,False,1,1.7685040851840501,-1.3748328531547322,
210,Public,4008,C04,B07,81,4014.75,,4004.75,0.48,0.64,1.11,11.14,0.16,0.97,0.15,23.26,0.05,186.46,0.84,111.0,634.27,59.37,5.36,109.58,62.1,398.37,7.85,17.55,25.0,6,2.69,10.13,25.32,1061.96,5.0,11.55,5.11,73.36,Eagle Ford,Lower Eagle Ford,False,1,1.314910594596024,-1.7119826943280094,
211,Public,4008,C04,B07,83,4014.92,,4004.92,0.49,0.29,1.27,15.01,0.19,0.95,0.17,19.7,0.05,196.37,0.71,111.0,789.11,85.05,6.51,107.49,47.67,192.65,7.05,14.83,25.0,6,2.49,14.49,11.99,925.38,7.6,18.37,5.35,93.92,Eagle Ford,Lower Eagle Ford,False,1,0.9230564250095846,1.1460799060542477,
212,Public,4008,C04,B07,85,4015.08,,4005.08,0.64,0.15,1.18,15.03,0.23,0.83,0.16,14.13,0.06,189.25,0.72,111.0,738.25,90.02,5.71,125.0,47.54,162.18,9.92,18.84,25.0,6,2.64,13.3,16.71,821.88,7.95,16.32,5.37,111.13,Eagle Ford,Lower Eagle Ford,False,3,2.0607116453030234,1.647560716753401,
213,Public,4008,C04,B07,87,4015.25,,4005.25,0.48,0.31,0.66,3.51,0.01,0.9,0.09,31.34,0.02,197.37,0.76,111.0,97.91,40.0,6.41,24.8,24.01,33.41,6.0,11.56,25.0,6,2.18,11.45,10.0,672.79,6.19,13.78,5.0,38.35,Eagle Ford,Lower Eagle Ford,False,2,-3.5557076872868993,1.025422169552922,
214,Public,4008,C04,B07,89,4015.42,,4005.42,0.39,1.77,0.71,3.19,0.003,0.53,0.09,35.34,0.03,249.34,0.64,111.0,178.12,40.0,6.01,18.8,23.64,22.97,6.0,11.5,25.0,6,2.0,5.0,10.0,664.39,9.93,18.42,5.0,11.66,Eagle Ford,Lower Eagle Ford,False,2,-4.400766306329702,1.1468489147364829,
215,Public,4008,C04,B07,91,4015.58,,4005.58,0.53,0.46,0.48,3.61,0.03,0.3,0.09,32.08,0.02,224.81,0.74,111.0,155.9,40.0,6.97,15.32,22.83,28.15,6.0,13.67,25.0,6,2.0,5.0,14.9,735.84,9.4,13.13,5.0,8.07,Eagle Ford,Lower Eagle Ford,False,2,-4.285905637617567,1.3104363201811282,
216,Public,4008,C04,B07,93,4015.75,,4005.75,0.43,0.55,0.54,2.68,0.003,0.4,0.07,34.59,0.01,186.84,0.76,111.0,80.17,40.0,6.85,18.18,24.85,31.63,6.0,10.24,25.0,6,2.0,7.32,10.0,846.03,8.59,5.0,5.0,8.09,Eagle Ford,Lower Eagle Ford,False,2,-4.582159583179512,0.5222288760576944,
217,Public,4008,C04,B07,95,4015.92,,4005.92,0.5,0.59,2.43,12.41,0.25,1.32,0.3,20.48,0.1,160.87,1.25,121.99,869.84,66.37,3.77,153.51,79.89,173.47,10.23,33.48,25.0,6,3.32,24.5,11.11,842.26,14.24,43.26,8.85,155.59,Eagle Ford,Lower Eagle Ford,False,4,6.10615287089149,1.4166065942886032,
218,Public,4008,C04,B07,97,4016.08,,4006.08,0.43,0.64,1.81,13.51,0.5,1.11,0.25,20.54,0.08,188.12,0.96,111.0,689.07,73.73,3.91,109.85,56.48,128.66,9.84,22.79,25.0,6,3.57,17.41,32.56,969.53,13.43,27.16,7.24,95.6,Eagle Ford,Lower Eagle Ford,False,3,4.335610825183518,0.0739301395566203,
219,Public,4008,C04,B07,99,4016.25,,4006.25,0.53,0.17,0.34,4.2,0.003,0.4,0.08,31.34,0.01,188.01,0.71,111.0,88.17,40.0,6.96,22.43,24.91,22.62,6.0,14.27,25.0,6,2.02,6.83,11.42,882.89,9.97,8.43,5.0,14.47,Eagle Ford,Lower Eagle Ford,False,2,-4.20927299612759,1.0182922562495924,
220,Public,4008,C04,B07,101,4016.42,,4006.42,0.56,0.04,1.29,3.34,0.003,0.37,0.07,27.97,0.02,197.14,0.76,111.0,30.0,40.0,5.76,13.18,26.5,53.0,6.0,16.9,25.0,6,2.0,6.65,10.0,481.54,7.34,61.36,5.0,7.62,Eagle Ford,Lower Eagle Ford,False,2,-3.276689185094773,2.4291742122556466,
221,Public,4008,C04,B07,103,4016.58,,4006.58,0.44,0.47,0.65,3.14,0.003,0.38,0.1,33.92,0.02,205.47,0.75,111.0,70.5,40.0,7.27,20.82,23.09,39.33,6.0,15.83,25.0,6,2.0,7.13,10.0,662.37,5.0,20.2,5.0,12.65,Eagle Ford,Lower Eagle Ford,False,2,-4.353356340028377,0.9192296285886681,
222,Public,4008,C04,B07,105,4016.75,,4006.75,0.44,0.35,1.45,3.25,0.003,0.44,0.1,33.81,0.03,236.42,0.79,111.0,111.01,40.0,6.44,22.31,25.64,31.96,6.0,14.7,25.0,6,2.0,6.29,10.0,780.33,8.23,26.49,5.16,6.89,Eagle Ford,Lower Eagle Ford,False,2,-3.96728820117858,1.4012548980632307,
223,Public,4008,C04,B07,107,4016.92,,4006.92,0.45,0.59,0.48,5.78,0.01,0.37,0.09,32.05,0.02,225.15,0.65,111.0,165.25,40.0,7.24,30.86,27.97,34.69,6.0,10.96,25.0,6,2.23,6.76,18.47,1004.19,7.34,5.0,5.0,16.75,Eagle Ford,Lower Eagle Ford,False,2,-4.202927896354845,0.22873643384758807,
224,Public,4008,C04,B07,109,4017.08,,4007.08,0.48,0.83,2.09,12.41,0.35,1.58,0.36,21.63,0.1,150.14,1.36,491.23,1097.22,58.1,5.28,199.31,95.93,232.24,9.84,39.78,26.28,6,3.68,23.13,24.33,987.29,10.48,39.64,6.96,193.47,Eagle Ford,Lower Eagle Ford,False,4,7.705369667649969,-1.1369382246323227,
225,Public,4008,C04,B07,111,4017.25,,4007.25,0.44,0.89,1.6,11.73,0.41,1.48,0.25,22.22,0.08,160.78,1.18,111.0,758.93,63.28,5.45,171.01,79.41,162.3,7.96,39.91,25.49,6,3.15,13.94,25.88,1005.13,8.0,27.09,8.43,181.31,Eagle Ford,Lower Eagle Ford,False,4,4.997192525660448,-1.6804151328878132,
226,Public,4008,C04,B07,113,4017.42,,4007.42,0.43,0.89,2.04,12.59,0.23,1.23,0.29,21.01,0.07,164.62,1.03,286.24,762.16,65.02,4.5,130.54,55.02,116.27,9.9,26.04,25.0,6,3.74,25.44,23.44,926.52,9.07,40.56,5.91,136.98,Eagle Ford,Lower Eagle Ford,False,3,4.440274088070714,0.4890380950833008,
227,Public,4008,C04,B07,117,4017.75,,4007.75,0.45,0.78,0.37,6.91,0.05,0.4,0.09,32.06,0.02,212.35,0.67,111.0,161.52,40.0,6.1,31.83,29.76,25.7,6.0,13.17,25.0,6,2.0,6.72,10.0,1021.8,6.28,5.0,5.0,17.23,Eagle Ford,Lower Eagle Ford,False,2,-4.114047542207201,0.14358081372127257,
228,Public,4008,C04,B07,119,4017.92,,4007.92,0.35,0.67,0.38,4.83,0.003,0.44,0.1,34.02,0.02,198.72,0.77,111.0,137.39,40.0,6.32,32.55,30.37,25.94,6.0,15.57,25.0,6,2.0,5.0,10.0,1044.71,5.45,5.0,5.0,11.96,Eagle Ford,Lower Eagle Ford,False,2,-4.337884774819748,-0.6210470187699282,
229,Public,4018,C04,B08,1,4018.08,,4008.08,0.41,0.98,1.27,11.63,0.3,1.09,0.16,23.73,0.05,199.04,0.99,111.0,522.05,56.32,6.54,119.2,47.69,99.51,6.27,27.72,25.0,6,2.59,6.46,25.96,991.9,5.0,17.02,6.51,130.97,Eagle Ford,Lower Eagle Ford,False,1,0.8429997900104422,-1.3158774534524347,
230,Public,4018,C04,B08,3,4018.25,,4008.25,0.49,0.76,1.21,9.59,0.17,0.95,0.17,25.76,0.05,182.41,0.82,111.0,715.58,44.06,4.77,136.52,55.04,107.71,8.04,26.17,25.0,6,2.82,10.89,24.96,1042.87,5.74,18.39,7.4,132.94,Eagle Ford,Lower Eagle Ford,False,1,1.3607309428923877,-1.2517946363776293,
231,Public,4018,C04,B08,7,4018.58,,4008.58,0.49,0.05,0.57,4.18,0.003,0.36,0.09,32.08,0.02,252.21,0.73,111.0,182.74,40.0,6.11,33.15,23.98,35.15,6.0,12.72,25.0,6,2.0,8.81,10.0,659.28,11.61,12.35,5.0,9.98,Eagle Ford,Lower Eagle Ford,False,2,-4.171238484565365,1.9881536440414724,
232,Public,4018,C04,B08,9,4018.75,,4008.75,0.43,0.4,0.41,3.82,0.13,0.37,0.09,34.19,0.02,200.78,0.76,111.0,81.63,40.0,6.02,19.4,27.78,56.22,6.0,12.83,25.0,6,2.08,8.5,10.0,946.5,5.0,5.0,5.0,11.77,Eagle Ford,Lower Eagle Ford,False,2,-4.113635456772402,-0.10015684175126424,
233,Public,4018,C04,B08,11,4018.92,,4008.92,0.39,0.49,0.83,3.49,0.003,0.46,0.1,34.17,0.02,202.19,0.78,111.0,90.41,40.0,5.66,17.7,24.28,30.05,6.0,14.88,25.0,6,2.08,10.08,10.0,829.74,5.67,10.55,5.0,11.61,Eagle Ford,Lower Eagle Ford,False,2,-4.035472310038573,0.32215148772455965,
234,Public,4018,C04,B08,13,4019.08,,4009.08,0.44,0.65,1.67,3.85,0.06,0.45,0.09,30.04,0.02,225.23,0.77,111.0,65.64,40.0,6.59,12.64,20.12,26.45,6.0,17.68,25.0,6,2.0,8.99,10.0,663.32,10.36,33.29,5.0,6.0,Eagle Ford,Lower Eagle Ford,False,2,-3.5508166782339976,2.0810371715530236,
235,Public,4018,C04,B08,15,4019.25,,4009.25,0.45,0.79,2.03,13.08,0.26,1.31,0.2,20.3,0.07,170.68,1.13,111.0,951.3,69.82,4.99,116.9,61.11,109.77,8.04,32.07,25.0,6,2.66,10.03,22.0,919.2,8.83,39.56,8.33,106.24,Eagle Ford,Lower Eagle Ford,False,3,3.4775650123692783,-0.12683240796632927,
236,Public,4018,C04,B08,17,4019.42,,4009.42,0.48,1.23,1.93,17.82,0.28,1.26,0.33,16.42,0.09,182.13,0.97,111.0,1307.27,83.47,4.95,167.55,81.49,271.92,9.24,29.78,25.0,6,3.68,27.7,21.37,608.27,14.46,56.66,7.0,184.89,Eagle Ford,Lower Eagle Ford,False,3,6.974209861373296,1.8353490835210142,
237,Public,4018,C04,B08,19,4019.58,,4009.58,0.48,0.81,1.36,15.82,0.32,1.13,0.18,18.03,0.06,171.54,0.87,319.0,896.21,82.9,5.04,130.93,66.47,187.87,7.75,26.22,25.0,6,2.94,20.27,15.78,705.83,9.81,37.91,6.98,144.47,Eagle Ford,Lower Eagle Ford,False,3,3.95061226257676,1.1299460021685135,
238,Public,4018,C04,B08,21,4019.75,,4009.75,0.4,0.72,0.67,4.71,0.003,0.42,0.11,34.51,0.03,218.23,0.7,111.0,202.4,40.0,6.85,31.47,27.06,37.49,6.0,12.26,25.0,6,2.0,6.26,11.09,888.16,9.18,8.6,5.0,18.99,Eagle Ford,Lower Eagle Ford,False,2,-4.158448584906528,0.5828129686220399,
239,Public,4018,C04,B08,25,4020.08,,4010.08,0.44,0.63,0.46,3.38,0.02,0.46,0.09,35.29,0.02,195.31,0.8,111.0,108.43,40.0,5.77,25.41,25.38,33.68,6.0,13.95,25.0,6,2.0,5.0,10.0,968.47,5.0,8.47,5.0,10.15,Eagle Ford,Lower Eagle Ford,False,2,-4.311360326580483,-0.27407238824011076,
240,Public,4018,C04,B08,27,4020.25,,4010.25,0.48,0.54,1.05,11.64,0.11,0.53,0.11,24.54,0.04,270.14,0.59,111.0,375.2,66.52,6.43,31.18,29.16,41.71,6.0,11.59,25.0,6,2.0,7.23,11.2,651.07,13.3,25.95,5.0,19.39,Eagle Ford,Lower Eagle Ford,False,2,-2.5994922118876143,3.0064017159883356,
241,Public,4018,C04,B08,31,4020.58,,4010.58,0.53,0.92,1.5,19.73,0.27,1.48,0.19,13.63,0.07,198.22,0.92,111.0,1145.51,84.0,4.99,186.39,69.48,210.35,8.67,25.75,25.0,6,2.99,16.25,26.43,560.75,7.61,49.36,5.65,192.19,Eagle Ford,Lower Eagle Ford,False,3,5.0050610141995255,0.7741369213777474,
242,Public,4018,C04,B08,33,4020.75,,4010.75,0.46,0.55,1.31,10.71,0.41,1.31,0.2,21.13,0.06,166.04,1.12,111.0,991.38,53.19,5.2,170.55,83.03,197.14,9.22,30.94,25.0,6,2.81,10.51,26.83,922.7,14.94,35.2,7.82,185.01,Eagle Ford,Lower Eagle Ford,False,4,4.469973476670391,-0.9402020378919316,
243,Public,4018,C04,B08,35,4020.92,,4010.92,0.54,0.09,1.3,10.2,0.27,1.17,0.17,21.01,0.07,170.17,1.04,111.0,829.19,51.39,5.7,152.63,70.79,150.87,7.3,29.35,25.0,6,2.67,14.86,15.51,816.36,8.91,34.86,5.66,139.26,Eagle Ford,Lower Eagle Ford,False,1,2.502277508313087,0.16117822125890965,
244,Public,4018,C04,B08,37,4021.08,,4011.08,0.54,0.04,1.08,12.33,0.2,0.87,0.15,18.57,0.05,191.94,0.72,111.0,667.82,63.35,5.01,124.78,53.15,161.17,7.0,17.08,25.0,6,2.78,12.77,21.96,822.27,8.02,28.98,5.59,105.1,Eagle Ford,Lower Eagle Ford,False,1,1.222478447159663,0.528363582793131,
245,Public,4018,C04,B08,39,4021.25,,4011.25,0.51,0.77,1.83,16.07,0.24,1.06,0.23,16.83,0.07,193.68,0.9,111.0,1016.77,68.11,5.5,153.35,63.87,122.66,7.36,25.77,25.0,6,2.89,15.4,21.32,683.24,10.34,46.75,5.04,149.49,Eagle Ford,Lower Eagle Ford,False,3,3.3530285252067213,1.2442758791747262,
246,Public,4018,C04,B08,41,4021.42,,4011.42,0.44,0.81,1.7,15.55,0.31,1.15,0.2,17.86,0.05,183.26,0.88,111.0,955.57,76.99,5.51,156.39,66.09,163.8,6.0,30.15,25.0,6,2.72,16.86,14.72,674.34,11.06,36.24,6.76,174.89,Eagle Ford,Lower Eagle Ford,False,3,3.441185554991009,0.9647963834523192,
247,Public,4018,C04,B08,43,4021.58,,4011.58,0.44,0.75,1.07,11.14,0.23,0.91,0.16,24.3,0.05,193.56,0.8,111.0,648.74,59.49,7.12,98.23,49.6,200.08,6.0,18.72,25.0,6,2.69,12.34,20.26,999.92,5.74,10.48,6.35,79.86,Eagle Ford,Lower Eagle Ford,False,1,0.3236957026256615,-0.5375146480877625,
248,Public,4018,C04,B08,45,4021.75,,4011.75,0.5,0.9,1.72,13.66,0.19,1.09,0.22,20.62,0.07,186.26,1.0,111.0,811.67,61.78,5.77,116.78,50.13,100.75,6.81,30.7,25.0,6,2.76,19.31,10.0,713.11,7.29,31.93,5.0,118.36,Eagle Ford,Lower Eagle Ford,False,3,2.094698367648331,1.3207602758072001,
249,Public,4018,C04,B08,47,4021.92,,4011.92,0.43,0.14,0.6,5.06,0.003,0.39,0.09,33.32,0.02,256.47,0.71,111.0,141.22,40.0,6.18,22.18,26.07,32.76,6.0,13.71,25.0,6,2.07,8.73,10.0,775.72,9.55,7.91,5.0,16.63,Eagle Ford,Lower Eagle Ford,False,2,-4.357191866134211,1.3499440714171986,
250,Public,4018,C04,B08,49,4022.08,,4012.08,0.43,0.74,0.26,5.37,0.02,0.48,0.08,33.08,0.01,197.15,0.76,111.0,111.88,40.0,6.87,24.19,27.91,27.81,6.0,15.24,25.0,6,2.0,5.0,14.64,1018.08,6.0,5.0,5.39,16.51,Eagle Ford,Lower Eagle Ford,False,2,-4.2487883449660275,-0.3604917372191221,
251,Public,4018,C04,B08,51,4022.25,,4012.25,0.4,0.55,0.4,4.82,0.03,0.6,0.09,34.01,0.02,210.64,0.76,111.0,133.26,40.0,7.49,30.62,26.46,43.86,6.0,16.5,25.0,6,2.0,6.81,10.0,954.46,6.89,5.0,5.0,8.12,Eagle Ford,Lower Eagle Ford,False,2,-4.2928060888160235,0.12378004913443083,
252,Public,4018,C04,B08,53,4022.42,,4012.42,0.42,1.2,2.2,12.12,0.25,1.38,0.28,21.21,0.09,194.75,1.23,111.0,746.67,66.62,5.0,151.08,66.18,130.01,10.52,32.24,25.0,6,3.15,19.23,19.38,707.98,12.84,66.14,6.17,156.33,Eagle Ford,Lower Eagle Ford,False,3,4.826987619254042,1.3098841264662555,
253,Public,4018,C04,B08,55,4022.58,,4012.58,0.41,0.89,2.01,14.89,0.37,1.64,0.34,17.43,0.1,174.67,1.26,111.0,790.53,84.15,3.94,144.82,65.18,116.63,10.34,35.01,25.0,6,3.27,19.26,24.46,703.6,12.6,59.75,8.96,152.56,Eagle Ford,Lower Eagle Ford,False,4,6.560352092797821,1.014146610049133,
254,Public,4018,C04,B08,57,4022.75,,4012.75,0.51,0.65,2.19,17.74,0.26,1.33,0.25,15.74,0.08,193.23,1.12,111.0,748.83,86.49,3.49,115.91,49.92,113.38,10.03,24.39,25.0,6,3.19,21.49,18.83,597.27,12.29,67.36,5.39,135.28,Eagle Ford,Lower Eagle Ford,False,3,4.82054401903289,2.65104865109184,
255,Public,4018,C04,B08,59,4022.92,,4012.92,0.46,0.7,2.23,15.27,0.24,1.47,0.23,17.68,0.08,199.3,1.01,111.0,723.89,79.15,5.08,106.45,52.52,149.78,9.13,22.83,25.0,6,2.5,13.46,14.06,753.08,14.23,56.33,7.35,108.86,Eagle Ford,Lower Eagle Ford,False,3,3.585141049403336,2.203038873015556,
256,Public,4018,C04,B08,61,4023.08,,4013.08,0.57,0.38,5.27,13.57,0.26,1.26,0.31,14.89,0.17,187.8,1.17,922.56,931.6,54.31,4.81,108.92,59.33,131.66,13.22,34.23,25.0,6,2.69,20.1,10.0,571.91,20.62,161.27,9.35,123.9,Eagle Ford,Lower Eagle Ford,False,4,8.435367110430725,6.097826163153125,
257,Public,4018,C04,B08,63,4023.25,,4013.25,0.55,0.63,1.94,17.22,0.42,0.94,0.19,16.71,0.06,216.85,0.75,111.0,631.83,95.49,5.69,106.22,43.52,106.28,10.13,23.31,25.0,6,2.79,14.39,22.29,698.43,19.6,84.44,7.44,116.51,Eagle Ford,Lower Eagle Ford,False,3,3.8391653112232236,3.9148004796215963,
258,Public,4018,C04,B08,65,4023.42,,4013.42,0.51,0.91,3.0,20.99,0.28,1.27,0.25,12.07,0.1,226.4,1.02,111.0,732.18,104.53,5.41,90.37,43.53,120.86,11.67,23.27,25.0,6,2.83,20.98,11.61,474.43,13.45,124.78,7.92,98.03,Eagle Ford,Lower Eagle Ford,False,3,5.5406455114793145,5.558016933716733,
259,Public,4018,C04,B08,69,4023.75,,4013.75,0.55,0.63,4.64,17.48,0.29,1.31,0.44,12.34,0.14,186.48,1.33,600.84,945.71,85.39,6.41,130.19,59.32,124.4,15.19,36.92,26.35,6,3.53,29.45,10.0,504.02,19.67,140.74,9.61,139.1,Eagle Ford,Lower Eagle Ford,False,4,9.977706980160935,6.336197748295,
260,Public,4018,C04,B08,71,4023.92,,4013.92,0.34,0.68,0.55,3.65,0.02,0.69,0.09,35.57,0.03,212.16,0.86,111.0,119.03,40.0,5.24,29.94,27.76,29.49,6.0,18.98,25.0,6,2.0,5.0,12.79,992.26,9.08,5.31,5.0,7.39,Eagle Ford,Lower Eagle Ford,False,2,-3.85296927111609,-0.5692178886841771,
261,Public,4018,C04,B08,73,4024.08,,4014.08,0.39,0.43,0.38,2.55,0.003,0.6,0.07,36.02,0.01,181.8,0.88,111.0,59.68,40.0,5.69,19.34,28.04,26.55,6.0,17.28,25.0,6,2.0,5.0,10.0,991.63,9.85,7.84,5.0,6.0,Eagle Ford,Lower Eagle Ford,False,2,-4.216105856211049,-0.29506620136112727,
262,Public,4018,C04,B08,79,4024.58,,4014.58,0.42,0.63,0.34,5.58,0.04,0.46,0.09,33.27,0.01,232.92,0.67,111.0,120.3,40.0,6.01,21.84,25.28,23.79,6.0,11.46,25.0,6,2.0,5.0,14.17,916.92,5.0,5.0,5.0,10.22,Eagle Ford,Lower Eagle Ford,False,2,-4.603320081862481,-0.020659320448650046,
263,Public,4018,C04,B08,81,4024.75,,4014.75,0.36,1.16,0.33,4.16,0.02,0.53,0.09,34.69,0.01,216.29,0.75,111.0,91.62,40.0,6.78,24.97,26.31,28.85,6.0,14.07,25.0,6,2.0,5.0,21.14,835.09,5.0,9.29,5.0,13.36,Eagle Ford,Lower Eagle Ford,False,2,-4.380557506052568,-0.6100794946101569,
264,Public,4018,C04,B08,83,4024.92,,4014.92,0.4,0.83,0.36,5.0,0.06,0.41,0.08,33.22,0.01,225.32,0.68,111.0,133.23,40.0,6.45,26.32,26.73,26.31,6.0,13.12,25.0,6,2.0,6.01,10.0,861.55,7.74,11.15,5.0,10.51,Eagle Ford,Lower Eagle Ford,False,2,-4.480880509294375,0.4922373391617476,
265,Public,4018,C04,B08,85,4025.08,,4015.08,0.35,0.74,0.5,4.57,0.05,0.51,0.1,34.2,0.02,239.59,0.74,111.0,116.1,40.0,6.35,24.35,24.06,38.53,6.0,11.14,25.0,6,2.0,5.0,10.0,874.73,5.17,5.0,5.0,14.65,Eagle Ford,Lower Eagle Ford,False,2,-4.621650324098146,0.013824479802628296,
266,Public,4018,C04,B08,87,4025.25,,4015.25,0.38,1.13,0.54,4.34,0.003,0.45,0.09,35.44,0.02,274.09,0.71,111.0,150.19,40.0,7.11,26.77,25.24,31.22,6.0,12.57,25.0,6,2.0,5.0,10.0,895.36,6.36,5.61,5.24,16.2,Eagle Ford,Lower Eagle Ford,False,2,-4.934670635170596,0.54093259515984,
267,Public,4018,C04,B08,89,4025.42,,4015.42,0.33,0.99,0.77,4.34,0.003,0.77,0.11,33.71,0.02,196.58,0.88,111.0,111.63,40.0,5.82,24.16,28.48,25.33,6.0,18.02,25.0,6,2.0,7.41,10.0,848.44,15.6,15.5,5.0,12.98,Eagle Ford,Lower Eagle Ford,False,2,-3.330126408524597,0.7097175550379345,
268,Public,4018,C04,B08,91,4025.58,,4015.58,0.58,0.53,4.22,17.12,0.22,1.27,0.33,13.44,0.11,194.9,1.05,274.11,735.59,91.82,5.76,108.66,46.08,119.69,11.87,28.67,25.0,6,3.26,25.09,14.24,526.23,10.07,111.05,7.43,124.63,Eagle Ford,Lower Eagle Ford,False,3,6.465439408173647,5.067913321098963,
269,Public,4018,C04,B08,93,4025.75,,4015.75,0.52,0.68,1.68,19.78,0.28,1.27,0.22,13.48,0.07,195.92,1.01,111.0,865.31,112.14,5.91,121.03,52.47,117.07,7.97,24.07,25.0,6,3.18,23.11,18.94,519.42,10.11,48.06,6.16,140.6,Eagle Ford,Lower Eagle Ford,False,3,4.425251062677436,2.968426842687758,
270,Public,4018,C04,B08,95,4025.92,,4015.92,0.59,0.26,1.48,16.81,0.21,0.92,0.18,15.14,0.05,194.72,0.75,111.0,754.76,87.69,6.46,99.7,41.94,72.53,6.14,16.23,25.0,6,2.76,16.61,18.29,633.78,10.71,35.8,5.0,99.69,Eagle Ford,Lower Eagle Ford,False,3,1.5215919571852143,2.839747351449107,
271,Public,4018,C04,B08,97,4026.08,,4016.08,0.53,0.64,1.5,13.66,0.23,1.15,0.23,19.91,0.07,179.39,1.02,111.0,874.57,75.79,4.97,140.77,63.28,158.3,9.43,21.87,25.0,6,3.04,17.15,21.17,738.26,12.92,43.31,6.44,141.13,Eagle Ford,Lower Eagle Ford,False,3,3.8642181725338047,1.3349558070842307,
272,Public,4018,C04,B08,99,4026.25,,4016.25,0.57,0.04,1.39,11.2,0.22,0.92,0.2,18.53,0.06,181.98,0.84,111.0,831.34,53.6,4.06,110.14,48.23,93.04,6.0,24.32,25.0,6,2.89,15.89,21.01,784.8,10.72,27.58,6.17,119.61,Eagle Ford,Lower Eagle Ford,False,3,1.9540576688961053,0.9014766317051349,
273,Public,4018,C04,B08,101,4026.42,,4016.42,0.41,0.97,1.92,12.27,0.34,1.29,0.24,21.67,0.09,203.58,1.13,111.0,958.07,53.38,4.76,109.83,54.15,113.1,9.41,27.96,25.0,6,2.63,10.53,21.96,777.04,9.75,39.74,5.96,113.61,Eagle Ford,Lower Eagle Ford,False,3,3.078088193589803,0.05256963511517099,
274,Public,4018,C04,B08,103,4026.58,,4016.58,0.53,0.79,1.48,15.95,0.24,1.04,0.18,18.13,0.05,194.09,0.87,111.0,738.63,85.08,5.95,103.06,48.86,100.44,6.0,21.36,25.0,6,2.94,19.02,16.68,796.52,9.72,27.05,5.58,87.4,Eagle Ford,Lower Eagle Ford,False,3,1.9064871787295572,1.8013671376402822,
275,Public,4018,C04,B08,105,4026.75,,4016.75,0.37,0.84,0.59,5.24,0.003,0.72,0.1,32.99,0.02,189.2,0.85,111.0,137.2,40.0,6.37,31.88,28.72,32.43,6.0,14.93,25.0,6,2.03,5.0,14.43,892.66,5.11,5.0,5.14,11.55,Eagle Ford,Lower Eagle Ford,False,2,-3.785006187079742,-0.6256373202085213,
276,Public,4018,C04,B08,107,4026.92,,4016.92,0.38,0.77,0.64,5.02,0.003,0.58,0.11,32.99,0.02,211.84,0.81,111.0,133.54,40.0,6.16,23.93,27.11,35.64,6.0,13.0,25.0,6,2.0,6.3,10.0,801.13,5.0,9.78,5.0,13.86,Eagle Ford,Lower Eagle Ford,False,2,-4.079311146028866,0.14157744266634364,
277,Public,4018,C04,B08,109,4027.08,,4017.08,0.45,0.3,0.43,5.45,0.04,0.49,0.09,30.58,0.02,202.03,0.77,111.0,135.64,40.0,6.32,24.3,22.51,28.07,6.0,13.23,25.0,6,2.0,6.83,10.0,832.06,13.5,9.62,5.0,11.79,Eagle Ford,Lower Eagle Ford,False,2,-3.8147657427055015,1.262713240668369,
278,Public,4018,C04,B08,111,4027.25,,4017.25,0.54,0.5,1.25,10.94,0.2,0.84,0.2,22.42,0.05,197.38,0.88,111.0,536.74,54.22,6.02,69.36,39.75,87.39,8.31,22.61,25.0,6,2.73,16.34,15.52,874.16,18.79,48.47,5.0,51.3,Eagle Ford,Lower Eagle Ford,False,3,0.9157434253279073,2.633156325258052,
279,Public,4018,C04,B08,115,4027.58,,4017.58,0.5,0.59,2.26,17.24,0.29,1.15,0.23,16.31,0.08,192.38,1.03,111.0,753.08,92.57,5.77,111.63,48.04,99.95,9.77,24.66,25.0,6,2.68,17.68,11.89,659.31,17.1,89.84,6.98,105.5,Eagle Ford,Lower Eagle Ford,False,3,4.205447811450794,4.033643030989169,
280,Public,4018,C04,B08,117,4027.75,,4017.75,0.34,0.41,0.37,7.06,0.003,0.35,0.07,31.71,0.02,213.04,0.63,111.0,120.92,40.0,6.67,25.3,25.31,32.1,6.0,9.53,25.0,6,2.0,5.02,10.0,944.67,8.11,7.58,5.0,8.93,Eagle Ford,Lower Eagle Ford,False,2,-4.655220367580627,0.29379695358225355,
281,Public,4018,C04,B08,119,4027.92,,4017.92,0.53,0.19,1.42,11.8,0.2,0.74,0.19,20.32,0.06,201.5,0.83,111.0,614.74,64.07,4.33,87.18,41.08,70.84,8.04,17.53,25.0,6,2.57,12.47,18.06,773.04,11.95,51.06,6.31,95.81,Eagle Ford,Lower Eagle Ford,False,3,1.2404834275473147,1.961798334938386,
282,Public,4028,C04,B09,3,4028.25,,4018.25,0.55,0.66,1.62,14.62,0.23,0.93,0.23,18.64,0.06,196.17,0.9,111.0,688.5,92.06,4.24,90.04,44.56,87.15,8.8,25.62,25.0,6,2.88,17.38,17.06,727.89,11.27,55.28,6.19,92.38,Eagle Ford,Lower Eagle Ford,False,3,2.877090883636959,2.5148201724340655,
283,Public,4028,C04,B09,5,4028.42,,4018.42,0.43,0.58,1.58,14.11,0.21,1.13,0.21,19.57,0.07,192.74,0.97,111.0,836.59,75.8,6.42,111.7,51.63,113.85,8.45,28.58,25.0,6,2.46,10.76,17.53,776.79,11.69,49.89,5.13,91.04,Eagle Ford,Lower Eagle Ford,False,3,2.1528230509156225,1.2991819296035858,
284,Public,4028,C04,B09,7,4028.58,,4018.58,0.47,0.34,0.18,2.46,0.003,0.68,0.06,32.55,0.01,144.57,1.0,111.0,42.74,40.0,4.39,30.88,32.5,81.32,6.0,24.58,25.0,6,2.0,5.0,12.36,1054.8,5.0,5.0,5.0,6.0,Eagle Ford,Lower Eagle Ford,False,2,-3.3006226128117135,-1.5185652204428313,
285,Public,4028,C04,B09,9,4028.75,,4018.75,0.4,0.57,0.23,6.01,0.07,0.35,0.08,32.13,0.01,228.35,0.69,111.0,158.77,40.0,7.02,28.58,29.89,117.73,6.0,11.03,25.0,6,2.0,8.18,10.0,799.53,9.58,12.71,5.0,10.54,Eagle Ford,Lower Eagle Ford,False,2,-4.122063665568382,0.8380081528022723,
286,Public,4028,C04,B09,11,4028.92,,4018.92,0.61,0.06,3.08,12.56,0.28,1.45,0.27,16.48,0.11,169.02,1.5,199.36,980.47,56.75,4.01,124.32,56.51,115.74,11.34,33.37,25.0,6,2.95,17.76,17.75,591.69,13.83,87.98,7.27,110.02,Eagle Ford,Lower Eagle Ford,False,4,6.110557496640242,2.762311730715873,
287,Public,4028,C04,B09,13,4029.08,,4019.08,0.49,0.58,1.94,13.09,0.28,1.27,0.2,19.8,0.08,175.11,1.11,111.0,903.21,58.16,5.07,130.07,56.33,121.04,6.42,28.87,25.0,6,2.84,13.97,22.14,696.93,11.59,61.6,6.96,119.83,Eagle Ford,Lower Eagle Ford,False,3,3.5066909938054067,0.9804441081279509,
288,Public,4028,C04,B09,15,4029.25,,4019.25,0.56,0.5,1.6,10.74,0.24,1.17,0.26,20.84,0.07,189.67,1.04,111.0,900.3,53.26,4.68,136.95,60.44,125.07,8.75,28.78,25.0,6,3.18,19.33,20.9,781.6,13.56,77.94,7.4,124.73,Eagle Ford,Lower Eagle Ford,False,3,4.048870436686267,1.789763862912855,
289,Public,4028,C04,B09,17,4029.42,,4019.42,0.32,0.76,0.59,4.01,0.003,1.36,0.08,32.79,0.02,186.92,1.39,111.0,102.06,40.0,4.87,45.24,28.61,35.85,6.28,33.24,25.0,6,2.0,9.75,10.0,983.83,13.74,8.13,5.0,7.13,Eagle Ford,Lower Eagle Ford,False,2,-2.131042202546375,-0.599996268638687,
290,Public,4028,C04,B09,21,4029.75,,4019.75,0.54,0.3,0.96,13.23,0.2,0.96,0.14,20.36,0.05,199.11,0.8,111.0,640.73,78.69,6.71,106.55,55.6,113.36,8.33,23.15,25.0,6,2.78,15.84,18.96,695.68,11.64,56.31,5.47,99.56,Eagle Ford,Lower Eagle Ford,False,3,1.6036131784266985,2.1886910973810907,
291,Public,4028,C04,B09,23,4029.92,,4019.92,0.52,0.54,1.75,13.17,0.42,1.2,0.25,19.66,0.07,175.14,1.03,297.18,1081.85,66.92,6.06,173.37,76.42,188.63,7.51,32.98,25.69,6,3.21,15.64,26.23,754.7,17.87,71.34,10.41,167.28,Eagle Ford,Lower Eagle Ford,False,4,6.074391860319743,1.2550185243968084,
292,Public,4028,C04,B09,25,4030.08,,4020.08,0.38,0.46,0.97,2.84,0.003,0.84,0.09,34.18,0.02,170.69,0.98,111.0,134.86,40.0,4.44,30.41,27.7,34.81,6.0,19.88,25.0,6,2.0,8.4,10.0,721.96,8.46,19.38,5.0,11.71,Eagle Ford,Lower Eagle Ford,False,2,-3.01520379159849,0.03349231793143639,
293,Public,4028,C04,B09,27,4030.25,,4020.25,0.44,0.67,1.07,2.95,0.003,0.51,0.09,34.15,0.02,200.43,0.77,111.0,158.3,40.0,6.29,31.15,28.72,30.89,6.0,16.69,25.0,6,2.0,10.31,10.0,696.9,8.13,20.18,5.0,8.58,Eagle Ford,Lower Eagle Ford,False,2,-3.693168642421639,1.0717480640731787,
294,Public,4028,C04,B09,29,4030.42,,4020.42,0.46,0.63,2.82,11.81,0.29,1.51,0.34,19.78,0.1,164.86,1.2,401.89,1522.27,45.97,5.89,268.03,108.82,251.24,11.71,37.93,25.0,6,3.72,18.87,32.74,718.85,14.08,76.29,10.05,247.03,Eagle Ford,Lower Eagle Ford,False,4,8.965913451145205,-0.13016993554312534,
295,Public,4028,C04,B09,31,4030.58,,4020.58,0.49,0.67,1.91,12.2,0.41,1.41,0.25,20.72,0.1,170.41,1.26,111.0,1193.61,54.9,5.6,188.06,81.69,169.11,10.3,31.82,25.0,6,3.15,13.21,30.47,815.2,16.73,44.06,9.37,162.96,Eagle Ford,Lower Eagle Ford,False,4,6.151108787783732,-0.0010573372274532413,
296,Public,4028,C04,B09,33,4030.75,,4020.75,0.47,0.73,2.15,13.77,0.4,1.71,0.27,18.29,0.11,155.02,1.46,383.08,1279.54,60.91,5.02,193.54,75.74,175.45,8.78,34.72,25.0,6,3.13,15.35,27.87,687.14,10.9,48.7,9.42,179.16,Eagle Ford,Lower Eagle Ford,False,4,7.148736640490309,-0.29433904390865995,
297,Public,4028,C04,B09,35,4030.92,,4020.92,0.47,0.88,1.73,10.52,0.41,1.47,0.24,23.28,0.1,186.94,1.21,392.76,1143.48,40.0,4.64,172.5,72.27,159.18,7.86,40.09,27.74,6,2.85,8.47,28.08,833.63,8.67,37.66,7.53,165.09,Eagle Ford,Lower Eagle Ford,False,4,5.343761847700655,-2.1944378892274345,
298,Public,4028,C04,B09,37,4031.08,,4021.08,0.54,0.12,1.51,6.6,0.18,1.15,0.2,24.22,0.08,162.33,1.19,111.0,836.32,40.0,4.3,153.56,70.67,154.41,6.85,36.76,25.0,6,3.07,10.57,31.81,950.57,9.17,33.95,6.7,143.82,Eagle Ford,Lower Eagle Ford,False,1,3.192368709022423,-1.5738868302111784,
299,Public,4028,C04,B09,39,4031.25,,4021.25,0.49,0.29,0.39,3.46,0.003,0.39,0.08,33.09,0.01,190.81,0.71,111.0,130.74,40.0,6.03,28.79,23.88,28.27,6.0,15.81,25.0,6,2.0,5.0,10.69,867.5,7.74,8.8,5.0,14.03,Eagle Ford,Lower Eagle Ford,False,2,-4.288755121789062,0.40641271678250757,
300,Public,4028,C04,B09,41,4031.42,,4021.42,0.37,0.29,0.97,2.99,0.003,0.43,0.09,35.55,0.02,211.53,0.73,111.0,131.03,40.0,6.34,28.16,25.07,36.3,6.0,13.71,25.0,6,2.0,8.59,10.0,744.48,9.76,19.37,5.0,9.4,Eagle Ford,Lower Eagle Ford,False,2,-4.155613198200632,0.9890627641560124,
301,Public,4028,C04,B09,43,4031.58,,4021.58,0.51,0.16,0.88,4.06,0.003,0.38,0.09,30.29,0.01,281.0,0.73,111.0,162.27,40.0,6.43,25.74,24.24,29.62,6.46,8.77,25.0,6,2.01,9.45,10.0,531.3,8.95,19.4,5.0,19.53,Eagle Ford,Lower Eagle Ford,False,2,-4.319878497892961,2.5792661410669218,
302,Public,4028,C04,B09,45,4031.75,,4021.75,0.45,0.39,2.56,10.92,0.31,1.59,0.32,21.0,0.12,159.82,1.4,713.96,1219.05,52.0,4.43,177.96,73.65,150.33,11.08,39.94,25.0,6,3.34,17.94,24.2,692.48,14.43,68.57,9.42,181.11,Eagle Ford,Lower Eagle Ford,False,4,7.735841468174284,0.7058816834297756,
303,Public,4028,C04,B09,47,4031.92,,4021.92,0.4,0.51,0.89,3.33,0.08,0.7,0.09,34.62,0.02,211.36,0.91,111.0,145.15,40.0,5.87,26.47,26.06,30.42,6.0,15.81,25.0,6,2.0,5.0,12.0,747.14,8.62,16.95,5.0,12.16,Eagle Ford,Lower Eagle Ford,False,2,-3.6712667800900096,0.38728589793424034,
304,Public,4028,C04,B09,49,4032.08,,4022.08,0.45,0.46,2.86,10.63,0.33,1.86,0.39,20.98,0.15,174.98,1.56,909.39,1418.95,40.0,6.76,187.79,92.53,206.39,14.21,43.11,25.0,6,3.9,26.74,23.14,730.63,17.74,59.03,8.82,231.22,Eagle Ford,Lower Eagle Ford,False,4,9.7439008736508,1.205629915922032,
305,Public,4028,C04,B09,51,4032.25,,4022.25,0.44,0.49,2.57,9.9,0.21,1.48,0.41,21.94,0.11,140.89,1.35,380.32,1746.81,40.0,6.58,251.73,100.28,149.21,8.55,37.06,25.0,6,3.81,24.73,21.39,770.94,16.02,59.49,10.67,229.85,Eagle Ford,Lower Eagle Ford,False,4,8.19961483873297,0.5166035415736909,
306,Public,4028,C04,B09,53,4032.42,,4022.42,0.56,0.28,2.95,11.4,0.33,1.54,0.48,19.22,0.12,137.14,1.38,111.0,2040.9,40.0,3.52,291.72,123.31,264.97,12.37,33.39,25.0,6,4.53,32.36,27.77,748.91,20.09,66.07,9.68,281.36,Eagle Ford,Lower Eagle Ford,False,4,11.43595995672593,0.6088657406561463,
307,Public,3968,C04,B03,109,3977.08,,3967.08,0.5,0.58,4.69,9.74,0.21,1.14,0.47,20.64,0.29,141.98,1.07,2565.87,1210.97,40.0,5.2,92.82,55.35,163.58,10.06,24.92,25.0,6,3.21,18.34,19.46,1229.21,12.57,42.95,7.19,41.25,Eagle Ford,Lower Eagle Ford,True,5,,,
308,Public,3968,C04,B03,119,3977.92,,3967.92,0.47,0.51,2.38,10.18,0.33,1.75,0.32,22.01,0.11,170.12,1.52,111.0,909.16,65.57,7.16,363.44,166.64,452.77,13.62,46.03,26.65,6,3.95,19.12,36.83,1206.68,13.5,54.74,9.91,235.69,Eagle Ford,Lower Eagle Ford,True,5,,,
309,Public,3978,C04,B04,11,3978.92,,3968.92,0.53,0.26,1.77,7.55,0.26,1.58,0.23,23.62,0.09,158.05,1.23,111.0,569.07,40.0,6.52,395.94,168.14,427.54,13.4,34.97,26.85,6,3.84,25.53,22.2,1092.4,15.28,88.6,9.17,203.38,Eagle Ford,Lower Eagle Ford,True,5,,,
310,Public,3978,C04,B04,23,3979.92,,3969.92,0.45,0.4,2.98,8.56,0.33,1.68,0.26,21.08,0.19,179.39,1.49,1523.26,539.56,60.33,4.37,100.44,59.83,106.2,8.66,37.42,25.78,6,2.8,10.22,26.41,956.18,13.09,73.23,8.48,37.02,Eagle Ford,Lower Eagle Ford,True,5,,,
311,Public,3978,C04,B04,29,3980.42,,3970.42,0.81,0.36,10.89,17.67,0.31,1.65,1.15,3.07,0.28,201.25,1.44,111.0,320.17,100.71,9.05,21.84,28.87,75.6,29.63,40.25,27.0,6,2.97,36.14,10.0,478.23,20.69,332.11,11.9,6.0,Eagle Ford,Lower Eagle Ford,True,5,,,
312,Public,3978,C04,B04,103,3986.58,,3976.58,0.43,6.22,1.69,3.86,0.03,0.5,0.13,26.16,0.02,319.58,0.74,111.0,132.37,40.0,5.73,12.72,17.78,32.87,6.0,15.93,25.0,6,2.0,5.0,12.59,913.65,5.0,19.32,5.0,6.0,Eagle Ford,Lower Eagle Ford,True,5,,,
313,Public,3978,C04,B04,105,3986.75,,3976.75,0.39,0.82,0.38,5.58,1.4,0.45,0.08,31.67,0.03,198.85,0.67,111.0,258.92,42.71,6.91,44.87,32.15,55.57,6.0,15.88,25.0,6,2.3,5.0,47.24,1987.09,8.3,5.0,6.25,6.0,Eagle Ford,Lower Eagle Ford,True,5,,,
314,Public,3978,C04,B04,109,3987.08,,3977.08,0.42,0.54,1.44,8.97,0.87,1.12,0.17,24.58,0.1,183.19,1.05,449.21,514.06,48.81,4.39,90.61,51.2,116.71,7.03,25.91,25.0,6,2.66,5.0,57.87,1447.88,50.49,15.69,16.98,32.25,Eagle Ford,Lower Eagle Ford,True,5,,,
315,Public,3978,C04,B04,111,3987.25,,3977.25,0.85,0.29,13.93,20.72,0.27,0.88,1.48,1.12,0.33,171.34,0.81,619.13,103.22,128.21,6.65,12.13,15.7,97.78,35.06,8.44,25.0,6,3.32,32.8,10.0,595.45,24.06,488.94,12.85,12.44,Eagle Ford,Lower Eagle Ford,True,5,,,
316,Public,3988,C04,B05,47,3991.92,,3981.92,0.58,0.04,0.9,8.66,0.15,0.72,0.15,21.95,0.05,185.99,0.76,111.0,425.61,65.04,6.32,83.83,50.17,77.96,6.64,16.7,25.0,6,3.15,5.0,78.76,1513.06,42.64,5.0,21.23,29.09,Eagle Ford,Lower Eagle Ford,True,5,,,
317,Public,3998,C04,B06,63,4003.25,,3993.25,0.38,9.8,1.63,4.96,0.13,0.96,0.2,24.38,0.04,276.5,0.86,111.0,772.12,40.0,5.26,19.53,23.77,28.97,6.0,18.22,25.0,6,2.04,9.48,12.7,1028.32,5.4,5.0,5.0,9.63,Eagle Ford,Lower Eagle Ford,True,5,,,
318,Public,3998,C04,B06,69,4003.75,,3993.75,0.45,0.38,1.79,10.05,0.61,2.23,0.16,18.22,0.11,131.03,2.13,271.49,666.52,77.95,4.92,90.34,57.75,129.42,10.72,48.99,25.0,6,2.72,6.0,29.87,1124.53,7.71,21.34,6.42,57.83,Eagle Ford,Lower Eagle Ford,True,5,,,
319,Public,3998,C04,B06,93,4005.75,,3995.75,0.45,0.66,0.7,6.45,0.03,0.46,0.08,30.54,0.01,391.83,0.74,111.0,135.58,40.0,6.33,30.17,30.16,29.73,6.0,13.77,25.0,6,2.02,5.0,15.43,1165.39,7.66,5.0,5.0,12.45,Eagle Ford,Lower Eagle Ford,True,5,,,
320,Public,3998,C04,B06,109,4007.08,,3997.08,0.37,0.55,2.6,10.1,0.39,1.48,0.21,22.03,0.15,163.9,1.25,1082.3,859.55,62.59,5.93,130.39,78.72,160.48,10.23,56.87,32.48,6,2.5,12.78,10.0,898.83,9.11,60.7,7.26,119.42,Eagle Ford,Lower Eagle Ford,True,5,,,
321,Public,3998,C04,B06,117,4007.75,,3997.75,0.42,0.66,2.03,7.62,1.01,1.35,0.23,25.14,0.11,158.17,1.26,555.28,1239.64,46.14,4.32,163.4,90.97,208.4,10.99,43.53,25.0,6,3.05,5.0,38.87,1102.18,14.83,38.94,10.88,195.69,Eagle Ford,Lower Eagle Ford,True,5,,,
322,Public,4008,C04,B07,41,4011.42,,4001.42,0.53,0.29,1.93,8.35,0.38,1.59,0.2,19.19,0.14,118.01,1.65,722.53,1046.9,44.0,5.06,158.39,95.55,584.25,13.59,43.92,30.07,6,2.78,6.12,30.98,979.4,16.49,47.1,7.12,151.26,Eagle Ford,Lower Eagle Ford,True,5,,,
323,Public,4008,C04,B07,115,4017.58,,4007.58,0.48,1.05,2.9,15.49,0.24,1.4,0.43,17.08,0.12,181.46,1.35,642.99,866.05,74.01,5.35,127.96,67.33,142.75,11.46,30.04,25.0,6,4.86,42.23,23.3,734.66,14.1,60.81,6.48,134.03,Eagle Ford,Lower Eagle Ford,True,5,,,
324,Public,4018,C04,B08,5,4018.42,,4008.42,0.37,0.77,2.89,9.11,0.34,1.71,0.4,21.7,0.12,145.83,1.61,111.0,1208.08,40.0,6.9,252.55,114.9,261.19,14.43,48.55,30.53,6,4.18,30.68,23.6,790.77,14.48,66.74,9.33,256.89,Eagle Ford,Lower Eagle Ford,True,5,,,
325,Public,4018,C04,B08,29,4020.42,,4010.42,0.7,1.69,12.92,14.67,0.28,1.09,0.15,5.61,0.24,196.12,1.02,300.05,1088.08,52.44,6.61,21.52,15.48,74.6,14.06,30.04,25.0,6,2.0,15.68,10.0,157.12,20.15,351.7,10.91,23.66,Eagle Ford,Lower Eagle Ford,True,5,,,
326,Public,4018,C04,B08,67,4023.58,,4013.58,0.72,0.04,6.26,15.99,0.29,1.23,0.35,8.26,0.2,194.49,1.14,724.4,906.03,69.99,6.65,101.58,49.8,117.35,20.78,29.87,25.0,6,2.75,22.28,10.0,350.88,26.18,289.68,13.01,115.05,Eagle Ford,Lower Eagle Ford,True,5,,,
327,Public,4018,C04,B08,75,4024.25,,4014.25,0.46,1.02,2.59,10.05,0.32,1.37,0.24,22.73,0.1,200.3,1.21,313.06,817.29,44.84,5.46,184.89,87.48,178.28,16.01,41.15,30.17,6,3.51,24.26,21.03,620.49,16.31,84.53,9.64,219.78,Eagle Ford,Lower Eagle Ford,True,5,,,
328,Public,4018,C04,B08,77,4024.42,,4014.42,0.42,0.2,0.81,6.97,0.11,0.38,0.12,28.63,0.03,373.25,0.69,111.0,218.55,40.0,5.16,28.96,27.66,26.37,6.0,14.33,25.0,6,2.0,12.69,10.0,645.1,12.6,26.53,5.0,15.8,Eagle Ford,Lower Eagle Ford,True,5,,,
329,Public,4018,C04,B08,92,4025.67,,4015.67,0.85,0.04,14.49,18.35,0.23,1.33,0.42,1.75,0.43,209.49,1.26,111.0,367.15,72.92,6.92,24.41,20.26,110.34,26.16,29.54,34.59,6,2.01,22.21,10.0,14.9,28.22,544.87,15.22,27.09,Eagle Ford,Lower Eagle Ford,True,5,,,
330,Public,4018,C04,B08,113,4027.42,,4017.42,0.94,0.04,10.52,14.01,0.3,1.05,0.24,6.25,0.37,175.85,1.07,1479.85,439.95,63.78,6.35,58.81,31.93,117.38,18.45,30.14,25.0,6,2.0,15.5,10.0,245.55,32.1,414.48,15.7,47.49,Eagle Ford,Lower Eagle Ford,True,5,,,
331,Public,4028,C04,B09,1,4028.08,,4018.08,0.63,0.27,8.67,12.86,0.2,1.24,0.39,12.15,0.28,153.5,1.16,2103.54,1043.44,54.88,3.32,94.71,53.69,108.45,13.21,34.59,25.0,6,2.54,21.42,10.0,589.41,17.89,161.53,8.12,85.98,Eagle Ford,Lower Eagle Ford,True,5,,,
332,Public,4028,C04,B09,19,4029.58,,4019.58,0.73,0.04,6.39,10.8,0.23,1.16,0.37,12.4,0.26,149.61,1.19,1543.14,1041.92,43.88,6.67,93.46,54.23,91.54,16.95,34.74,25.0,6,2.67,24.23,10.0,540.66,20.72,264.54,10.27,95.7,Eagle Ford,Lower Eagle Ford,True,5,,,
333,Public,4028,C04,B09,55,4032.58,,4022.58,0.59,0.96,10.78,16.5,0.64,3.0,1.12,1.82,0.32,30.0,3.33,111.0,6026.09,40.0,20.18,403.19,233.84,408.78,29.34,75.32,25.0,6,7.28,50.0,63.93,246.34,28.3,196.24,25.27,558.61,Eagle Ford,Lower Eagle Ford,True,5,,,
